"period_start_local","thermostats_consumption","nb_location_id"
"2022-01-01T00:00:00Z","4054313.5801788392","3842"
"2022-01-01T01:00:00Z","4519724.07679268","3885"
"2022-01-01T02:00:00Z","4774854.6607510047","3941"
"2022-01-01T03:00:00Z","5058994.0553838164","4002"
"2022-01-01T04:00:00Z","5463413.37378236","4075"
"2022-01-01T05:00:00Z","6633743.6393109178","4163"
"2022-01-01T06:00:00Z","8462823.59864488","4234"
"2022-01-01T07:00:00Z","9394984.5780389011","4287"
"2022-01-01T08:00:00Z","8862453.408495985","4305"
"2022-01-01T09:00:00Z","7831689.7900625374","4279"
"2022-01-01T10:00:00Z","7036901.8616192862","4264"
"2022-01-01T11:00:00Z","6492786.3671969008","4256"
"2022-01-01T12:00:00Z","6106401.282171201","4231"
"2022-01-01T13:00:00Z","5912513.4200429711","4195"
"2022-01-01T14:00:00Z","5925372.6874048784","4194"
"2022-01-01T15:00:00Z","6104074.007614716","4221"
"2022-01-01T16:00:00Z","6085601.7665951466","4229"
"2022-01-01T17:00:00Z","5785562.34552232","4217"
"2022-01-01T18:00:00Z","5459113.3337678136","4178"
"2022-01-01T19:00:00Z","5384506.4125523893","4185"
"2022-01-01T20:00:00Z","5409724.67867328","4150"
"2022-01-01T21:00:00Z","5206527.6053411867","4095"
"2022-01-01T22:00:00Z","4593453.6526336931","3912"
"2022-01-01T23:00:00Z","4034659.0849295282","3744"
"2022-01-02T00:00:00Z","4196163.0754619632","3812"
"2022-01-02T01:00:00Z","4905905.7670393828","3946"
"2022-01-02T02:00:00Z","5412052.0833168505","4041"
"2022-01-02T03:00:00Z","5924032.77775681","4111"
"2022-01-02T04:00:00Z","6681576.8331165873","4195"
"2022-01-02T05:00:00Z","8119485.1824277323","4265"
"2022-01-02T06:00:00Z","10331797.355559425","4304"
"2022-01-02T07:00:00Z","11652171.261525583","4361"
"2022-01-02T08:00:00Z","11438150.998993242","4374"
"2022-01-02T09:00:00Z","10542024.348684758","4373"
"2022-01-02T10:00:00Z","9864820.4129810352","4366"
"2022-01-02T11:00:00Z","9232485.9538296163","4352"
"2022-01-02T12:00:00Z","8631798.5986576248","4326"
"2022-01-02T13:00:00Z","8478516.9139534254","4317"
"2022-01-02T14:00:00Z","8508666.4800780211","4306"
"2022-01-02T15:00:00Z","8975560.6087687016","4327"
"2022-01-02T16:00:00Z","9284563.399888657","4346"
"2022-01-02T17:00:00Z","8861875.7698289957","4318"
"2022-01-02T18:00:00Z","8499139.64172247","4303"
"2022-01-02T19:00:00Z","8611456.2748762257","4295"
"2022-01-02T20:00:00Z","8841657.2085225675","4288"
"2022-01-02T21:00:00Z","8663115.17825154","4256"
"2022-01-02T22:00:00Z","7777088.2871275693","4128"
"2022-01-02T23:00:00Z","7289494.5123730488","4082"
"2022-01-03T00:00:00Z","8098426.4196302239","4185"
"2022-01-03T01:00:00Z","9545078.2429230139","4257"
"2022-01-03T02:00:00Z","10427564.694650827","4306"
"2022-01-03T03:00:00Z","11450798.965691855","4346"
"2022-01-03T04:00:00Z","23012206.604970329","4466"
"2022-01-03T05:00:00Z","21639022.116231672","4459"
"2022-01-03T06:00:00Z","9891201.914111333","4393"
"2022-01-03T07:00:00Z","5166919.7550078789","3993"
"2022-01-03T08:00:00Z","5681207.3166992357","3738"
"2022-01-03T09:00:00Z","5903946.321871981","3820"
"2022-01-03T10:00:00Z","16291686.360224696","4366"
"2022-01-03T11:00:00Z","12429768.190142218","4355"
"2022-01-03T12:00:00Z","10464455.675176086","4296"
"2022-01-03T13:00:00Z","9907026.944631435","4282"
"2022-01-03T14:00:00Z","10166067.3504912","4283"
"2022-01-03T15:00:00Z","20558505.590608794","4433"
"2022-01-03T16:00:00Z","19167005.739330292","4449"
"2022-01-03T17:00:00Z","7041404.734957546","4351"
"2022-01-03T18:00:00Z","3822231.0191813614","3723"
"2022-01-03T19:00:00Z","4816895.2594279991","3571"
"2022-01-03T20:00:00Z","6252538.70044478","3831"
"2022-01-03T21:00:00Z","16701187.418636836","4366"
"2022-01-03T22:00:00Z","12625344.889824381","4323"
"2022-01-03T23:00:00Z","11095447.664286386","4278"
"2022-01-04T00:00:00Z","11283614.589290772","4361"
"2022-01-04T01:00:00Z","12750044.090275705","4408"
"2022-01-04T02:00:00Z","13269401.5149393","4429"
"2022-01-04T03:00:00Z","13827798.498777999","4448"
"2022-01-04T04:00:00Z","24779206.39530883","4511"
"2022-01-04T05:00:00Z","23177809.886667684","4515"
"2022-01-04T06:00:00Z","10954289.732488422","4455"
"2022-01-04T07:00:00Z","5882885.7687173979","4070"
"2022-01-04T08:00:00Z","6406652.2652816176","3820"
"2022-01-04T09:00:00Z","7462127.0337693933","3958"
"2022-01-04T10:00:00Z","19585708.974315174","4458"
"2022-01-04T11:00:00Z","15894935.595862089","4467"
"2022-01-04T12:00:00Z","14048468.629953034","4427"
"2022-01-04T13:00:00Z","13569608.368217483","4431"
"2022-01-04T14:00:00Z","13433947.011586607","4423"
"2022-01-04T15:00:00Z","22855372.933808744","4444"
"2022-01-04T16:00:00Z","19989550.01289298","4438"
"2022-01-04T17:00:00Z","7319443.5071168877","4334"
"2022-01-04T18:00:00Z","4323108.1116226","3455"
"2022-01-04T19:00:00Z","4338459.3252653442","3147"
"2022-01-04T20:00:00Z","5362379.3132489957","3456"
"2022-01-04T21:00:00Z","14957710.544056702","4292"
"2022-01-04T22:00:00Z","10513852.854095683","4185"
"2022-01-04T23:00:00Z","8899039.9863704871","4084"
"2022-01-05T00:00:00Z","7016342.4899117956","4200"
"2022-01-05T01:00:00Z","7956955.5913749943","4270"
"2022-01-05T02:00:00Z","8431770.7464321926","4317"
"2022-01-05T03:00:00Z","9043753.34500932","4348"
"2022-01-05T04:00:00Z","9714277.1408744864","4386"
"2022-01-05T05:00:00Z","11581104.766232416","4413"
"2022-01-05T06:00:00Z","14290150.248882296","4432"
"2022-01-05T07:00:00Z","14055857.380160049","4450"
"2022-01-05T08:00:00Z","12714714.78901121","4412"
"2022-01-05T09:00:00Z","11615155.417671267","4373"
"2022-01-05T10:00:00Z","10904903.139747592","4356"
"2022-01-05T11:00:00Z","9917055.1225307584","4339"
"2022-01-05T12:00:00Z","9037192.0312609132","4297"
"2022-01-05T13:00:00Z","9093239.15211179","4300"
"2022-01-05T14:00:00Z","9850299.5765393749","4336"
"2022-01-05T15:00:00Z","11010512.371680845","4376"
"2022-01-05T16:00:00Z","11208308.381335039","4413"
"2022-01-05T17:00:00Z","10710741.274259452","4394"
"2022-01-05T18:00:00Z","10017024.997578692","4355"
"2022-01-05T19:00:00Z","10293041.767975315","4338"
"2022-01-05T20:00:00Z","9987103.32535077","4297"
"2022-01-05T21:00:00Z","9433208.3744271751","4226"
"2022-01-05T22:00:00Z","8214966.8851300562","4038"
"2022-01-05T23:00:00Z","8041378.9846877391","3875"
"2022-01-06T00:00:00Z","4831617.7033824567","3973"
"2022-01-06T01:00:00Z","5725943.5592763731","4088"
"2022-01-06T02:00:00Z","6128179.4075244125","4164"
"2022-01-06T03:00:00Z","6737403.7946274085","4229"
"2022-01-06T04:00:00Z","7657348.2884928435","4299"
"2022-01-06T05:00:00Z","9778536.09140212","4377"
"2022-01-06T06:00:00Z","12569433.205903215","4436"
"2022-01-06T07:00:00Z","12455000.578560315","4444"
"2022-01-06T08:00:00Z","11331140.166032556","4423"
"2022-01-06T09:00:00Z","10522401.849517532","4399"
"2022-01-06T10:00:00Z","10195749.284443306","4413"
"2022-01-06T11:00:00Z","10503979.946134483","4412"
"2022-01-06T12:00:00Z","9740624.4313560314","4413"
"2022-01-06T13:00:00Z","9919330.6614839081","4410"
"2022-01-06T14:00:00Z","10725457.500062414","4428"
"2022-01-06T15:00:00Z","10999885.185101405","4466"
"2022-01-06T16:00:00Z","11801343.515452757","4492"
"2022-01-06T17:00:00Z","11573717.361703793","4466"
"2022-01-06T18:00:00Z","11270111.528065199","4458"
"2022-01-06T19:00:00Z","11397861.781167118","4437"
"2022-01-06T20:00:00Z","11745337.665176572","4411"
"2022-01-06T21:00:00Z","10817703.977838952","4346"
"2022-01-06T22:00:00Z","9768053.85300655","4161"
"2022-01-06T23:00:00Z","9428290.7651321478","4050"
"2022-01-07T00:00:00Z","6050644.9728073031","4149"
"2022-01-07T01:00:00Z","7173286.06859876","4255"
"2022-01-07T02:00:00Z","7958983.1534173461","4340"
"2022-01-07T03:00:00Z","8751102.8740825616","4403"
"2022-01-07T04:00:00Z","9812910.2491300087","4455"
"2022-01-07T05:00:00Z","11990637.201427083","4496"
"2022-01-07T06:00:00Z","15046603.408932894","4530"
"2022-01-07T07:00:00Z","14976086.802082624","4552"
"2022-01-07T08:00:00Z","13682406.347731322","4516"
"2022-01-07T09:00:00Z","12744656.2396429","4480"
"2022-01-07T10:00:00Z","12147201.3833743","4486"
"2022-01-07T11:00:00Z","11721178.310239471","4483"
"2022-01-07T12:00:00Z","11368949.254916238","4492"
"2022-01-07T13:00:00Z","11619917.136052702","4482"
"2022-01-07T14:00:00Z","12128351.868953925","4480"
"2022-01-07T15:00:00Z","13027321.712361023","4519"
"2022-01-07T16:00:00Z","13860666.172943955","4532"
"2022-01-07T17:00:00Z","13763399.570215827","4511"
"2022-01-07T18:00:00Z","13575479.613209948","4492"
"2022-01-07T19:00:00Z","14048690.997398788","4509"
"2022-01-07T20:00:00Z","15154605.047713639","4482"
"2022-01-07T21:00:00Z","15575078.379450353","4419"
"2022-01-07T22:00:00Z","14285260.073112866","4312"
"2022-01-07T23:00:00Z","13807872.71888262","4262"
"2022-01-08T00:00:00Z","8532112.904155314","4348"
"2022-01-08T01:00:00Z","10440422.094146507","4455"
"2022-01-08T02:00:00Z","11648138.091196861","4508"
"2022-01-08T03:00:00Z","13056708.593155183","4533"
"2022-01-08T04:00:00Z","24576637.276883394","4636"
"2022-01-08T05:00:00Z","23197485.144908048","4652"
"2022-01-08T06:00:00Z","10743224.995607428","4575"
"2022-01-08T07:00:00Z","6884773.0800260985","4115"
"2022-01-08T08:00:00Z","7979976.1134436512","3942"
"2022-01-08T09:00:00Z","8403984.4102165252","4024"
"2022-01-08T10:00:00Z","18675255.542900659","4561"
"2022-01-08T11:00:00Z","14025438.382615792","4532"
"2022-01-08T12:00:00Z","11054724.424572457","4482"
"2022-01-08T13:00:00Z","10450359.154914981","4462"
"2022-01-08T14:00:00Z","10423392.873878859","4448"
"2022-01-08T15:00:00Z","21017238.394793466","4583"
"2022-01-08T16:00:00Z","19402373.321305878","4596"
"2022-01-08T17:00:00Z","6422568.7592763146","4459"
"2022-01-08T18:00:00Z","2865253.9515177952","3743"
"2022-01-08T19:00:00Z","3546454.5795369935","3511"
"2022-01-08T20:00:00Z","4952835.1965620862","3826"
"2022-01-08T21:00:00Z","15832677.058304977","4500"
"2022-01-08T22:00:00Z","11210292.519254258","4463"
"2022-01-08T23:00:00Z","9262599.3685482","4369"
"2022-01-09T00:00:00Z","9496791.7471127436","4434"
"2022-01-09T01:00:00Z","10404476.045820922","4483"
"2022-01-09T02:00:00Z","10621888.952580133","4533"
"2022-01-09T03:00:00Z","11002110.856576264","4554"
"2022-01-09T04:00:00Z","11417102.594322268","4566"
"2022-01-09T05:00:00Z","12474288.57524626","4579"
"2022-01-09T06:00:00Z","14195529.395933047","4589"
"2022-01-09T07:00:00Z","14981116.63988469","4611"
"2022-01-09T08:00:00Z","14352545.231535004","4611"
"2022-01-09T09:00:00Z","13285804.78066358","4599"
"2022-01-09T10:00:00Z","12085583.068826674","4589"
"2022-01-09T11:00:00Z","11195323.652712926","4569"
"2022-01-09T12:00:00Z","10435581.580038512","4562"
"2022-01-09T13:00:00Z","10031122.538193064","4557"
"2022-01-09T14:00:00Z","9815551.6258049645","4545"
"2022-01-09T15:00:00Z","9673680.3642828539","4524"
"2022-01-09T16:00:00Z","9230428.905770909","4521"
"2022-01-09T17:00:00Z","8398602.3385025989","4482"
"2022-01-09T18:00:00Z","7898766.3669127868","4446"
"2022-01-09T19:00:00Z","7799172.7703429665","4436"
"2022-01-09T20:00:00Z","7720678.1443915907","4400"
"2022-01-09T21:00:00Z","7410246.733766119","4340"
"2022-01-09T22:00:00Z","6583214.9144068044","4231"
"2022-01-09T23:00:00Z","5781603.2861050554","4115"
"2022-01-10T00:00:00Z","6409043.91529015","4234"
"2022-01-10T01:00:00Z","7501344.5746398773","4347"
"2022-01-10T02:00:00Z","8342880.82152006","4425"
"2022-01-10T03:00:00Z","9297495.2628481761","4482"
"2022-01-10T04:00:00Z","10458924.489806071","4537"
"2022-01-10T05:00:00Z","12791691.737463625","4581"
"2022-01-10T06:00:00Z","15665292.296248455","4594"
"2022-01-10T07:00:00Z","15542706.058054511","4594"
"2022-01-10T08:00:00Z","14044018.113442453","4565"
"2022-01-10T09:00:00Z","12164962.006148705","4541"
"2022-01-10T10:00:00Z","10964349.317258947","4540"
"2022-01-10T11:00:00Z","9783994.9719112068","4509"
"2022-01-10T12:00:00Z","9324966.1234389115","4462"
"2022-01-10T13:00:00Z","9182521.8913734425","4454"
"2022-01-10T14:00:00Z","9615504.6404887624","4466"
"2022-01-10T15:00:00Z","20428424.589949526","4620"
"2022-01-10T16:00:00Z","19260391.428214584","4635"
"2022-01-10T17:00:00Z","5992795.259422007","4484"
"2022-01-10T18:00:00Z","2628638.1087857145","3688"
"2022-01-10T19:00:00Z","3475057.0220140945","3524"
"2022-01-10T20:00:00Z","5010008.4528225148","3836"
"2022-01-10T21:00:00Z","16533584.163122891","4525"
"2022-01-10T22:00:00Z","12192815.699720802","4501"
"2022-01-10T23:00:00Z","11118641.72007294","4463"
"2022-01-11T00:00:00Z","12425025.932496745","4541"
"2022-01-11T01:00:00Z","14253285.906009039","4590"
"2022-01-11T02:00:00Z","15187673.008246886","4623"
"2022-01-11T03:00:00Z","16226249.008621763","4643"
"2022-01-11T04:00:00Z","27104802.080388349","4687"
"2022-01-11T05:00:00Z","26419186.749081295","4691"
"2022-01-11T06:00:00Z","13577181.04010427","4626"
"2022-01-11T07:00:00Z","8148464.8709839433","4407"
"2022-01-11T08:00:00Z","8996660.1448686514","4212"
"2022-01-11T09:00:00Z","9294661.3136810921","4266"
"2022-01-11T10:00:00Z","20932742.183989078","4627"
"2022-01-11T11:00:00Z","17120631.177875336","4620"
"2022-01-11T12:00:00Z","15099752.207690502","4586"
"2022-01-11T13:00:00Z","14227633.555736709","4585"
"2022-01-11T14:00:00Z","14220823.4596407","4599"
"2022-01-11T15:00:00Z","24233338.60732232","4679"
"2022-01-11T16:00:00Z","23525840.5735758","4673"
"2022-01-11T17:00:00Z","9685425.94860385","4581"
"2022-01-11T18:00:00Z","5106604.5082128374","4198"
"2022-01-11T19:00:00Z","6480126.5224306993","4095"
"2022-01-11T20:00:00Z","8466103.8027811721","4251"
"2022-01-11T21:00:00Z","20204513.040172979","4624"
"2022-01-11T22:00:00Z","15612308.340168256","4616"
"2022-01-11T23:00:00Z","13890641.884667344","4578"
"2022-01-12T00:00:00Z","14906646.908613849","4619"
"2022-01-12T01:00:00Z","16096912.303062869","4650"
"2022-01-12T02:00:00Z","16315866.977310175","4671"
"2022-01-12T03:00:00Z","16545249.730159037","4693"
"2022-01-12T04:00:00Z","27018955.808277424","4740"
"2022-01-12T05:00:00Z","25349236.521473281","4748"
"2022-01-12T06:00:00Z","12222737.471647006","4655"
"2022-01-12T07:00:00Z","6613309.6994695533","4335"
"2022-01-12T08:00:00Z","7333990.6231512744","4111"
"2022-01-12T09:00:00Z","8274756.158406496","4255"
"2022-01-12T10:00:00Z","20991495.106708195","4684"
"2022-01-12T11:00:00Z","17209008.027138427","4691"
"2022-01-12T12:00:00Z","15534253.638902236","4669"
"2022-01-12T13:00:00Z","14408859.968901079","4660"
"2022-01-12T14:00:00Z","14020391.219938312","4591"
"2022-01-12T15:00:00Z","23255179.191890359","4657"
"2022-01-12T16:00:00Z","20462579.189818062","4679"
"2022-01-12T17:00:00Z","6797398.5494097359","4578"
"2022-01-12T18:00:00Z","3014193.0654601436","3816"
"2022-01-12T19:00:00Z","3548927.2590030562","3557"
"2022-01-12T20:00:00Z","4712418.6574615883","3868"
"2022-01-12T21:00:00Z","15630938.538776448","4571"
"2022-01-12T22:00:00Z","10166687.557076894","4496"
"2022-01-12T23:00:00Z","8616570.11660626","4408"
"2022-01-13T00:00:00Z","9289004.4820240326","4520"
"2022-01-13T01:00:00Z","10230789.410720166","4571"
"2022-01-13T02:00:00Z","10651704.883041892","4630"
"2022-01-13T03:00:00Z","11133586.687049732","4646"
"2022-01-13T04:00:00Z","11720462.792554207","4669"
"2022-01-13T05:00:00Z","13617795.008856963","4715"
"2022-01-13T06:00:00Z","15916139.829880547","4732"
"2022-01-13T07:00:00Z","15735406.819258103","4744"
"2022-01-13T08:00:00Z","14230090.314873477","4727"
"2022-01-13T09:00:00Z","12977800.12654135","4700"
"2022-01-13T10:00:00Z","11996575.246584632","4695"
"2022-01-13T11:00:00Z","11612275.66409336","4681"
"2022-01-13T12:00:00Z","11209619.71515562","4672"
"2022-01-13T13:00:00Z","10764766.770010071","4659"
"2022-01-13T14:00:00Z","10881650.834732737","4652"
"2022-01-13T15:00:00Z","11361863.529822633","4696"
"2022-01-13T16:00:00Z","11908442.107274378","4729"
"2022-01-13T17:00:00Z","11261055.58909972","4721"
"2022-01-13T18:00:00Z","10426038.787792031","4688"
"2022-01-13T19:00:00Z","10151544.189855531","4673"
"2022-01-13T20:00:00Z","9808170.8864078764","4647"
"2022-01-13T21:00:00Z","8952274.2261455022","4585"
"2022-01-13T22:00:00Z","7450777.633893027","4453"
"2022-01-13T23:00:00Z","6743514.2590440465","4352"
"2022-01-14T00:00:00Z","7245751.9874259429","4441"
"2022-01-14T01:00:00Z","8130730.4839382116","4561"
"2022-01-14T02:00:00Z","8582609.78775144","4639"
"2022-01-14T03:00:00Z","9039145.7532284148","4680"
"2022-01-14T04:00:00Z","9880348.4771494828","4716"
"2022-01-14T05:00:00Z","11785969.647476593","4755"
"2022-01-14T06:00:00Z","14384466.67573441","4779"
"2022-01-14T07:00:00Z","14288509.137479767","4807"
"2022-01-14T08:00:00Z","12878419.093815593","4765"
"2022-01-14T09:00:00Z","10941196.861749187","4709"
"2022-01-14T10:00:00Z","9482353.9943418838","4655"
"2022-01-14T11:00:00Z","8683167.34562688","4592"
"2022-01-14T12:00:00Z","8505814.64060458","4558"
"2022-01-14T13:00:00Z","8515618.5813408215","4545"
"2022-01-14T14:00:00Z","8991290.54453937","4567"
"2022-01-14T15:00:00Z","19411404.776992373","4790"
"2022-01-14T16:00:00Z","18722208.722674582","4818"
"2022-01-14T17:00:00Z","6240758.8650463512","4618"
"2022-01-14T18:00:00Z","2960877.002079953","3828"
"2022-01-14T19:00:00Z","3952004.2460536137","3686"
"2022-01-14T20:00:00Z","5648467.0543644484","4041"
"2022-01-14T21:00:00Z","17442693.867464073","4727"
"2022-01-14T22:00:00Z","13547543.586671865","4716"
"2022-01-14T23:00:00Z","12188847.562064108","4664"
"2022-01-15T00:00:00Z","13410390.120261062","4737"
"2022-01-15T01:00:00Z","15369395.411689579","4786"
"2022-01-15T02:00:00Z","16238490.710754691","4838"
"2022-01-15T03:00:00Z","17315284.437035639","4861"
"2022-01-15T04:00:00Z","27713940.62563324","4915"
"2022-01-15T05:00:00Z","26657632.118762165","4919"
"2022-01-15T06:00:00Z","13070396.626605172","4823"
"2022-01-15T07:00:00Z","8700151.9196958616","4548"
"2022-01-15T08:00:00Z","10081580.0525563","4428"
"2022-01-15T09:00:00Z","10209458.673888698","4449"
"2022-01-15T10:00:00Z","21795149.894966345","4839"
"2022-01-15T11:00:00Z","17298395.784037106","4838"
"2022-01-15T12:00:00Z","14487447.830706352","4768"
"2022-01-15T13:00:00Z","13543310.436312646","4737"
"2022-01-15T14:00:00Z","13438322.734923616","4756"
"2022-01-15T15:00:00Z","14128146.059308361","4773"
"2022-01-15T16:00:00Z","15543573.707294712","4811"
"2022-01-15T17:00:00Z","15940620.815747965","4816"
"2022-01-15T18:00:00Z","15605553.064315224","4819"
"2022-01-15T19:00:00Z","15651184.375270117","4818"
"2022-01-15T20:00:00Z","15725995.499199515","4808"
"2022-01-15T21:00:00Z","15336784.405621525","4798"
"2022-01-15T22:00:00Z","13920946.959037511","4764"
"2022-01-15T23:00:00Z","13266659.209599137","4753"
"2022-01-16T00:00:00Z","14608057.66847828","4812"
"2022-01-16T01:00:00Z","16727053.279256059","4842"
"2022-01-16T02:00:00Z","17581788.123197276","4859"
"2022-01-16T03:00:00Z","18413906.97955209","4884"
"2022-01-16T04:00:00Z","27783620.460329711","4929"
"2022-01-16T05:00:00Z","26939197.028755806","4819"
"2022-01-16T06:00:00Z","13240875.319441356","4744"
"2022-01-16T07:00:00Z","8615472.9232274126","4507"
"2022-01-16T08:00:00Z","9722288.7644593064","4349"
"2022-01-16T09:00:00Z","9510120.625766594","4379"
"2022-01-16T10:00:00Z","20756979.365096785","4759"
"2022-01-16T11:00:00Z","15910252.903021293","4700"
"2022-01-16T12:00:00Z","13143810.045140818","4635"
"2022-01-16T13:00:00Z","12033619.603558298","4595"
"2022-01-16T14:00:00Z","11752760.464227684","4581"
"2022-01-16T15:00:00Z","12147804.100361466","4602"
"2022-01-16T16:00:00Z","13462722.221430076","4650"
"2022-01-16T17:00:00Z","13900529.701490916","4711"
"2022-01-16T18:00:00Z","13856030.309584212","4717"
"2022-01-16T19:00:00Z","14068606.920430169","4729"
"2022-01-16T20:00:00Z","14010389.658830931","4717"
"2022-01-16T21:00:00Z","13347413.45220124","4681"
"2022-01-16T22:00:00Z","11785944.145583684","4640"
"2022-01-16T23:00:00Z","11138606.345964115","4595"
"2022-01-17T00:00:00Z","12237448.98877462","4681"
"2022-01-17T01:00:00Z","13854416.446835747","4735"
"2022-01-17T02:00:00Z","14283323.918978468","4759"
"2022-01-17T03:00:00Z","15024132.325549841","4782"
"2022-01-17T04:00:00Z","25805458.439190645","4841"
"2022-01-17T05:00:00Z","23728481.508418143","4835"
"2022-01-17T06:00:00Z","10619741.525254993","4711"
"2022-01-17T07:00:00Z","5355962.7283821441","4266"
"2022-01-17T08:00:00Z","5831870.9406262375","3974"
"2022-01-17T09:00:00Z","6703348.4087255411","4141"
"2022-01-17T10:00:00Z","19236339.327502787","4756"
"2022-01-17T11:00:00Z","15136142.419971142","4775"
"2022-01-17T12:00:00Z","13258088.652845308","4743"
"2022-01-17T13:00:00Z","11918213.293336933","4752"
"2022-01-17T14:00:00Z","11370309.913655208","4752"
"2022-01-17T15:00:00Z","11515474.750675011","4748"
"2022-01-17T16:00:00Z","11805568.643657342","4778"
"2022-01-17T17:00:00Z","10889960.817302972","4764"
"2022-01-17T18:00:00Z","9897849.4209258147","4745"
"2022-01-17T19:00:00Z","9395840.40822541","4713"
"2022-01-17T20:00:00Z","9024775.0567976963","4691"
"2022-01-17T21:00:00Z","8369355.5993051976","4602"
"2022-01-17T22:00:00Z","6964869.8209860325","4492"
"2022-01-17T23:00:00Z","6330574.3639556123","4390"
"2022-01-18T00:00:00Z","7017995.22472057","4492"
"2022-01-18T01:00:00Z","8115603.709630535","4616"
"2022-01-18T02:00:00Z","8845786.7474102322","4692"
"2022-01-18T03:00:00Z","9611759.484224204","4737"
"2022-01-18T04:00:00Z","10766377.536620803","4783"
"2022-01-18T05:00:00Z","12810199.8172997","4827"
"2022-01-18T06:00:00Z","15680231.774945157","4862"
"2022-01-18T07:00:00Z","15650262.087393096","4870"
"2022-01-18T08:00:00Z","13945128.427695695","4826"
"2022-01-18T09:00:00Z","12031177.545333505","4776"
"2022-01-18T10:00:00Z","10732471.580407368","4747"
"2022-01-18T11:00:00Z","9587123.7995306831","4711"
"2022-01-18T12:00:00Z","8937802.3706474621","4659"
"2022-01-18T13:00:00Z","8760531.3122740127","4627"
"2022-01-18T14:00:00Z","9149080.8617199529","4634"
"2022-01-18T15:00:00Z","10738301.745933712","4704"
"2022-01-18T16:00:00Z","13058348.322968161","4795"
"2022-01-18T17:00:00Z","13395198.900175489","4811"
"2022-01-18T18:00:00Z","13104805.312170755","4850"
"2022-01-18T19:00:00Z","13153199.484395798","4859"
"2022-01-18T20:00:00Z","13021850.845469207","4847"
"2022-01-18T21:00:00Z","12426075.270858649","4806"
"2022-01-18T22:00:00Z","10945149.997677216","4739"
"2022-01-18T23:00:00Z","10636681.028276794","4692"
"2022-01-19T00:00:00Z","12058933.130849265","4802"
"2022-01-19T01:00:00Z","13968308.821350258","4870"
"2022-01-19T02:00:00Z","14738445.629123196","4894"
"2022-01-19T03:00:00Z","15540228.922718178","4925"
"2022-01-19T04:00:00Z","26544594.3623071","4989"
"2022-01-19T05:00:00Z","25135670.66645826","4993"
"2022-01-19T06:00:00Z","11536999.024847988","4888"
"2022-01-19T07:00:00Z","6023146.73751678","4446"
"2022-01-19T08:00:00Z","6822665.8049868252","4221"
"2022-01-19T09:00:00Z","8072331.3253084514","4348"
"2022-01-19T10:00:00Z","22112837.265747722","4916"
"2022-01-19T11:00:00Z","18233777.641613185","4935"
"2022-01-19T12:00:00Z","16339000.518479418","4944"
"2022-01-19T13:00:00Z","15463879.151626531","4935"
"2022-01-19T14:00:00Z","15119575.319012472","4936"
"2022-01-19T15:00:00Z","15373579.013187621","4947"
"2022-01-19T16:00:00Z","15635999.458887266","4948"
"2022-01-19T17:00:00Z","14730852.520164419","4938"
"2022-01-19T18:00:00Z","13516093.611643909","4919"
"2022-01-19T19:00:00Z","13040563.565194394","4917"
"2022-01-19T20:00:00Z","12408271.275976893","4921"
"2022-01-19T21:00:00Z","11119154.612155301","4837"
"2022-01-19T22:00:00Z","9250331.3172189","4728"
"2022-01-19T23:00:00Z","8490700.51811943","4675"
"2022-01-20T00:00:00Z","9133387.4564370979","4790"
"2022-01-20T01:00:00Z","10166597.029591898","4861"
"2022-01-20T02:00:00Z","10701457.413902039","4902"
"2022-01-20T03:00:00Z","11344239.631779728","4931"
"2022-01-20T04:00:00Z","12579162.373214908","4974"
"2022-01-20T05:00:00Z","14935355.455244984","5001"
"2022-01-20T06:00:00Z","17859233.39088871","5026"
"2022-01-20T07:00:00Z","17641928.911637574","5027"
"2022-01-20T08:00:00Z","15695755.33373988","5000"
"2022-01-20T09:00:00Z","12984533.826949537","4943"
"2022-01-20T10:00:00Z","11304292.993237333","4882"
"2022-01-20T11:00:00Z","10322064.930243414","4826"
"2022-01-20T12:00:00Z","9584141.6364339646","4778"
"2022-01-20T13:00:00Z","9211026.0876287427","4731"
"2022-01-20T14:00:00Z","9496206.3084500842","4752"
"2022-01-20T15:00:00Z","10981085.135768767","4800"
"2022-01-20T16:00:00Z","13334194.534647888","4902"
"2022-01-20T17:00:00Z","13921687.711807502","4944"
"2022-01-20T18:00:00Z","13651985.377449231","4955"
"2022-01-20T19:00:00Z","13743991.064587791","4978"
"2022-01-20T20:00:00Z","13715403.262972349","4970"
"2022-01-20T21:00:00Z","13051904.883751579","4942"
"2022-01-20T22:00:00Z","11647904.766728278","4837"
"2022-01-20T23:00:00Z","11543125.678221345","4861"
"2022-01-21T00:00:00Z","13131119.985606672","4963"
"2022-01-21T01:00:00Z","15404245.94084353","5030"
"2022-01-21T02:00:00Z","16536483.132761566","5076"
"2022-01-21T03:00:00Z","17792300.468654051","5096"
"2022-01-21T04:00:00Z","29196407.118372627","5143"
"2022-01-21T05:00:00Z","28084356.100781064","5151"
"2022-01-21T06:00:00Z","14148515.517045444","5050"
"2022-01-21T07:00:00Z","8322124.6758854864","4736"
"2022-01-21T08:00:00Z","9069418.2798871566","4509"
"2022-01-21T09:00:00Z","9096347.7088641431","4532"
"2022-01-21T10:00:00Z","21282607.357941054","5049"
"2022-01-21T11:00:00Z","16816054.222812433","5037"
"2022-01-21T12:00:00Z","14621293.365847412","4962"
"2022-01-21T13:00:00Z","13672025.045756409","4935"
"2022-01-21T14:00:00Z","13613844.244180769","4940"
"2022-01-21T15:00:00Z","23955125.176855568","5080"
"2022-01-21T16:00:00Z","23247887.846042521","5103"
"2022-01-21T17:00:00Z","9333119.0461525135","4952"
"2022-01-21T18:00:00Z","4881606.0627283528","4396"
"2022-01-21T19:00:00Z","6260199.7247809861","4247"
"2022-01-21T20:00:00Z","8288535.4147860268","4483"
"2022-01-21T21:00:00Z","20992210.454282608","5061"
"2022-01-21T22:00:00Z","16613518.646946149","5037"
"2022-01-21T23:00:00Z","14932258.801345598","4990"
"2022-01-22T00:00:00Z","16217438.857166266","5046"
"2022-01-22T01:00:00Z","18246444.957908321","5092"
"2022-01-22T02:00:00Z","19205187.50443916","5102"
"2022-01-22T03:00:00Z","20175199.265093535","5133"
"2022-01-22T04:00:00Z","30682960.121270854","5184"
"2022-01-22T05:00:00Z","29303575.908832651","5194"
"2022-01-22T06:00:00Z","14800541.191649875","5107"
"2022-01-22T07:00:00Z","9675115.2688921634","4798"
"2022-01-22T08:00:00Z","11067755.794152882","4668"
"2022-01-22T09:00:00Z","11107172.96386488","4705"
"2022-01-22T10:00:00Z","23139173.955459625","5101"
"2022-01-22T11:00:00Z","18249974.789258961","5087"
"2022-01-22T12:00:00Z","15756906.318346234","5018"
"2022-01-22T13:00:00Z","14581277.08339945","4989"
"2022-01-22T14:00:00Z","14638781.493582424","5007"
"2022-01-22T15:00:00Z","25388796.442315221","5153"
"2022-01-22T16:00:00Z","23336205.911440425","5159"
"2022-01-22T17:00:00Z","8918979.095295785","4984"
"2022-01-22T18:00:00Z","4709050.3419167874","4356"
"2022-01-22T19:00:00Z","5787505.0633773888","4192"
"2022-01-22T20:00:00Z","7514870.3667920548","4445"
"2022-01-22T21:00:00Z","20262541.1448213","5045"
"2022-01-22T22:00:00Z","14790516.76467503","5015"
"2022-01-22T23:00:00Z","12656407.04450627","4952"
"2022-01-23T00:00:00Z","13099663.646631466","5018"
"2022-01-23T01:00:00Z","14091113.373030072","5056"
"2022-01-23T02:00:00Z","14455507.794079151","5073"
"2022-01-23T03:00:00Z","15031940.84896023","5103"
"2022-01-23T04:00:00Z","15511213.384458611","5125"
"2022-01-23T05:00:00Z","16510511.839172589","5139"
"2022-01-23T06:00:00Z","18252905.706261907","5135"
"2022-01-23T07:00:00Z","18970779.313527975","5154"
"2022-01-23T08:00:00Z","17957967.814460564","5154"
"2022-01-23T09:00:00Z","15453130.700509047","5135"
"2022-01-23T10:00:00Z","12895655.422288187","5086"
"2022-01-23T11:00:00Z","11076317.295325626","5032"
"2022-01-23T12:00:00Z","10021376.905664047","4965"
"2022-01-23T13:00:00Z","9426354.6006358862","4908"
"2022-01-23T14:00:00Z","9464531.74983014","4892"
"2022-01-23T15:00:00Z","10314427.457962709","4940"
"2022-01-23T16:00:00Z","11729780.193043411","5000"
"2022-01-23T17:00:00Z","12243679.516476404","5022"
"2022-01-23T18:00:00Z","12110745.831420019","5020"
"2022-01-23T19:00:00Z","12344805.944473887","5023"
"2022-01-23T20:00:00Z","12553752.429553753","5018"
"2022-01-23T21:00:00Z","12402942.662876906","5005"
"2022-01-23T22:00:00Z","11171481.970450522","4908"
"2022-01-23T23:00:00Z","10806610.258294046","4881"
"2022-01-24T00:00:00Z","12463030.570297964","4975"
"2022-01-24T01:00:00Z","14880499.443539828","5050"
"2022-01-24T02:00:00Z","16013736.857029585","5101"
"2022-01-24T03:00:00Z","17117839.003299933","5132"
"2022-01-24T04:00:00Z","29281940.288290434","5192"
"2022-01-24T05:00:00Z","27628827.804338545","5199"
"2022-01-24T06:00:00Z","13550442.002944209","5077"
"2022-01-24T07:00:00Z","7813672.4781275587","4735"
"2022-01-24T08:00:00Z","8397044.1256391723","4465"
"2022-01-24T09:00:00Z","8578216.05873764","4530"
"2022-01-24T10:00:00Z","20926188.311206736","5075"
"2022-01-24T11:00:00Z","16086614.219605569","5083"
"2022-01-24T12:00:00Z","13533201.234664712","5027"
"2022-01-24T13:00:00Z","12431974.347737","4993"
"2022-01-24T14:00:00Z","12937901.138894483","5018"
"2022-01-24T15:00:00Z","14168892.995893594","5061"
"2022-01-24T16:00:00Z","15629644.361097198","5116"
"2022-01-24T17:00:00Z","15088742.452583306","5131"
"2022-01-24T18:00:00Z","14178781.910470419","5113"
"2022-01-24T19:00:00Z","13770409.129419144","5118"
"2022-01-24T20:00:00Z","13643514.943209914","5102"
"2022-01-24T21:00:00Z","12642227.716380926","5056"
"2022-01-24T22:00:00Z","10776762.262863046","4932"
"2022-01-24T23:00:00Z","10111532.349611005","4912"
"2022-01-25T00:00:00Z","11260961.036368148","5005"
"2022-01-25T01:00:00Z","12636863.442265315","5088"
"2022-01-25T02:00:00Z","13326417.841237092","5125"
"2022-01-25T03:00:00Z","13955722.669766808","5147"
"2022-01-25T04:00:00Z","14777855.187428271","5177"
"2022-01-25T05:00:00Z","16658601.839955088","5195"
"2022-01-25T06:00:00Z","19154712.543484852","5198"
"2022-01-25T07:00:00Z","18807155.263158046","5201"
"2022-01-25T08:00:00Z","16809137.113154072","5164"
"2022-01-25T09:00:00Z","14657573.458104542","5139"
"2022-01-25T10:00:00Z","12868700.667730626","5113"
"2022-01-25T11:00:00Z","11755653.975510556","5071"
"2022-01-25T12:00:00Z","10816459.112817338","5049"
"2022-01-25T13:00:00Z","10293885.500272797","5035"
"2022-01-25T14:00:00Z","10534691.255572366","5042"
"2022-01-25T15:00:00Z","11334253.851864845","5065"
"2022-01-25T16:00:00Z","13095654.793715796","5139"
"2022-01-25T17:00:00Z","13328262.361471631","5143"
"2022-01-25T18:00:00Z","12634206.488662936","5122"
"2022-01-25T19:00:00Z","12441325.382240556","5153"
"2022-01-25T20:00:00Z","12475953.401416857","5131"
"2022-01-25T21:00:00Z","11790469.410817619","5092"
"2022-01-25T22:00:00Z","10291241.192512019","4974"
"2022-01-25T23:00:00Z","9969098.078153","4947"
"2022-01-26T00:00:00Z","11346539.929853655","5073"
"2022-01-26T01:00:00Z","13678149.512041753","5166"
"2022-01-26T02:00:00Z","14797850.737816993","5216"
"2022-01-26T03:00:00Z","16076215.957010863","5236"
"2022-01-26T04:00:00Z","27930362.119596943","5315"
"2022-01-26T05:00:00Z","26841544.11941018","5326"
"2022-01-26T06:00:00Z","12264694.906529836","5165"
"2022-01-26T07:00:00Z","6909979.9312520577","4683"
"2022-01-26T08:00:00Z","7459136.0280191032","4425"
"2022-01-26T09:00:00Z","7638973.721726425","4483"
"2022-01-26T10:00:00Z","20490243.351030797","5176"
"2022-01-26T11:00:00Z","15954337.829651508","5161"
"2022-01-26T12:00:00Z","13246610.268684719","5084"
"2022-01-26T13:00:00Z","12201072.734327819","5057"
"2022-01-26T14:00:00Z","12111173.32798324","5054"
"2022-01-26T15:00:00Z","13403500.964330124","5114"
"2022-01-26T16:00:00Z","15639694.303746715","5199"
"2022-01-26T17:00:00Z","16376844.072952151","5238"
"2022-01-26T18:00:00Z","16148527.319503289","5225"
"2022-01-26T19:00:00Z","16174580.017273143","5250"
"2022-01-26T20:00:00Z","16343398.128767278","5236"
"2022-01-26T21:00:00Z","15681082.562305816","5207"
"2022-01-26T22:00:00Z","14012269.630485326","5148"
"2022-01-26T23:00:00Z","13697484.478338344","5135"
"2022-01-27T00:00:00Z","15535442.417325089","5232"
"2022-01-27T01:00:00Z","18083158.809904229","5283"
"2022-01-27T02:00:00Z","19025002.315332234","5311"
"2022-01-27T03:00:00Z","19864937.862017211","5322"
"2022-01-27T04:00:00Z","30954824.108818829","5376"
"2022-01-27T05:00:00Z","29683560.401975945","5390"
"2022-01-27T06:00:00Z","14287670.442821098","5242"
"2022-01-27T07:00:00Z","8179538.2782851551","4832"
"2022-01-27T08:00:00Z","9031515.6270694733","4615"
"2022-01-27T09:00:00Z","9542799.54963408","4715"
"2022-01-27T10:00:00Z","22741722.575573497","5286"
"2022-01-27T11:00:00Z","18902031.060515244","5303"
"2022-01-27T12:00:00Z","16157449.930479567","5247"
"2022-01-27T13:00:00Z","14430285.986997556","5249"
"2022-01-27T14:00:00Z","13985249.145131273","5245"
"2022-01-27T15:00:00Z","15050644.486100044","5269"
"2022-01-27T16:00:00Z","16064569.562693961","5318"
"2022-01-27T17:00:00Z","15249066.473064886","5314"
"2022-01-27T18:00:00Z","13916496.956842579","5289"
"2022-01-27T19:00:00Z","13242738.550602015","5264"
"2022-01-27T20:00:00Z","12681211.547793804","5251"
"2022-01-27T21:00:00Z","11652277.646270549","5187"
"2022-01-27T22:00:00Z","9667926.701464206","5079"
"2022-01-27T23:00:00Z","8709357.3224434778","4952"
"2022-01-28T00:00:00Z","9427079.03270473","5046"
"2022-01-28T01:00:00Z","10356999.661295971","5153"
"2022-01-28T02:00:00Z","10732577.233636523","5217"
"2022-01-28T03:00:00Z","11307542.539925346","5246"
"2022-01-28T04:00:00Z","12070538.027695039","5276"
"2022-01-28T05:00:00Z","13969870.082322568","5308"
"2022-01-28T06:00:00Z","16771409.372482784","5359"
"2022-01-28T07:00:00Z","16708719.628912637","5345"
"2022-01-28T08:00:00Z","15131114.337887639","5316"
"2022-01-28T09:00:00Z","12817728.869835565","5247"
"2022-01-28T10:00:00Z","11046868.638147961","5184"
"2022-01-28T11:00:00Z","9949688.7832600921","5112"
"2022-01-28T12:00:00Z","9210412.318006454","5068"
"2022-01-28T13:00:00Z","8919443.9547201023","5032"
"2022-01-28T14:00:00Z","9267931.7623028252","5020"
"2022-01-28T15:00:00Z","10533701.065814018","5116"
"2022-01-28T16:00:00Z","12514708.665703373","5224"
"2022-01-28T17:00:00Z","13610005.625438366","5247"
"2022-01-28T18:00:00Z","13497223.044598807","5258"
"2022-01-28T19:00:00Z","13579993.739249729","5267"
"2022-01-28T20:00:00Z","13675663.43005798","5276"
"2022-01-28T21:00:00Z","13314359.901271865","5245"
"2022-01-28T22:00:00Z","12182782.881511588","5213"
"2022-01-28T23:00:00Z","11669168.368235592","5137"
"2022-01-29T00:00:00Z","12867035.920339134","5257"
"2022-01-29T01:00:00Z","15001893.762185939","5337"
"2022-01-29T02:00:00Z","16074668.274754729","5381"
"2022-01-29T03:00:00Z","16977381.038825568","5415"
"2022-01-29T04:00:00Z","17833321.729290906","5436"
"2022-01-29T05:00:00Z","19298874.091828313","5457"
"2022-01-29T06:00:00Z","21374372.765656788","5466"
"2022-01-29T07:00:00Z","22735965.682937164","5486"
"2022-01-29T08:00:00Z","21417916.610756431","5487"
"2022-01-29T09:00:00Z","19359408.6085621","5464"
"2022-01-29T10:00:00Z","17607923.785529826","5439"
"2022-01-29T11:00:00Z","15702840.75531959","5408"
"2022-01-29T12:00:00Z","14636876.209693307","5366"
"2022-01-29T13:00:00Z","14492637.137665467","5359"
"2022-01-29T14:00:00Z","14847375.264447102","5380"
"2022-01-29T15:00:00Z","15030666.600520682","5388"
"2022-01-29T16:00:00Z","15289355.924713291","5402"
"2022-01-29T17:00:00Z","15183995.126201546","5380"
"2022-01-29T18:00:00Z","14574865.078297988","5363"
"2022-01-29T19:00:00Z","14335046.750894519","5362"
"2022-01-29T20:00:00Z","14365178.563580006","5383"
"2022-01-29T21:00:00Z","13907970.162420273","5355"
"2022-01-29T22:00:00Z","12404195.971786844","5293"
"2022-01-29T23:00:00Z","11411797.371218476","5221"
"2022-01-30T00:00:00Z","12345205.633502372","5300"
"2022-01-30T01:00:00Z","13898711.829064423","5366"
"2022-01-30T02:00:00Z","14759509.212546956","5429"
"2022-01-30T03:00:00Z","15619575.620816268","5457"
"2022-01-30T04:00:00Z","16485021.244214637","5464"
"2022-01-30T05:00:00Z","18025550.758424271","5480"
"2022-01-30T06:00:00Z","20418665.6259971","5476"
"2022-01-30T07:00:00Z","21493148.564096935","5499"
"2022-01-30T08:00:00Z","19813090.761450808","5485"
"2022-01-30T09:00:00Z","16565398.136510704","5455"
"2022-01-30T10:00:00Z","13942259.004540291","5388"
"2022-01-30T11:00:00Z","12071534.281629119","5326"
"2022-01-30T12:00:00Z","10931848.132348234","5253"
"2022-01-30T13:00:00Z","10325618.090922808","5201"
"2022-01-30T14:00:00Z","10301465.842775162","5201"
"2022-01-30T15:00:00Z","11039823.196673587","5235"
"2022-01-30T16:00:00Z","12471907.173927575","5301"
"2022-01-30T17:00:00Z","13145024.893952519","5312"
"2022-01-30T18:00:00Z","12822254.523009773","5305"
"2022-01-30T19:00:00Z","12916334.46012277","5308"
"2022-01-30T20:00:00Z","12827456.165680945","5311"
"2022-01-30T21:00:00Z","12206535.036530137","5283"
"2022-01-30T22:00:00Z","11068121.063793568","5223"
"2022-01-30T23:00:00Z","10239207.115707655","5170"
"2022-01-31T00:00:00Z","11309792.399496997","5272"
"2022-01-31T01:00:00Z","12943820.794623002","5365"
"2022-01-31T02:00:00Z","13859311.379665878","5407"
"2022-01-31T03:00:00Z","14771204.871587543","5450"
"2022-01-31T04:00:00Z","15787650.515178196","5468"
"2022-01-31T05:00:00Z","18092746.259113789","5490"
"2022-01-31T06:00:00Z","20775254.61959669","5492"
"2022-01-31T07:00:00Z","20512780.15349919","5493"
"2022-01-31T08:00:00Z","17920682.768316921","5441"
"2022-01-31T09:00:00Z","14843262.108591679","5405"
"2022-01-31T10:00:00Z","12735629.717560802","5373"
"2022-01-31T11:00:00Z","11386106.784182291","5336"
"2022-01-31T12:00:00Z","10069405.552651577","5272"
"2022-01-31T13:00:00Z","9625310.0897433385","5231"
"2022-01-31T14:00:00Z","9812456.8168525025","5217"
"2022-01-31T15:00:00Z","10829578.760089215","5257"
"2022-01-31T16:00:00Z","13111075.636734843","5363"
"2022-01-31T17:00:00Z","13535963.887237733","5390"
"2022-01-31T18:00:00Z","13343908.082962213","5395"
"2022-01-31T19:00:00Z","13352182.283896253","5398"
"2022-01-31T20:00:00Z","13239194.440992698","5404"
"2022-01-31T21:00:00Z","11895251.48076422","5355"
"2022-01-31T22:00:00Z","10615420.469511731","5158"
"2022-01-31T23:00:00Z","10391697.514331728","5146"