HQContractId,passerelle_id,locationId,address_id,postalCode,locationType
,AC000W008487551,,1672-K6S5V7,,
,AC000W008494167,,3810-T3C3X4,,
,AC000W008494662,,1906-H6T3P5,,
,AC000W008499087,,2637-Y4C6R3,,
,AC000W008499533,,3983-H3T0K3,,
,AC000W008502595,,2575-G3Q6B6,,
,AC000W008507464,,2605-L4G5Z5,,
,AC000W008509895,,1064-L5Q1V6,,
,AC000W008509954,,2165-X7L2L6,,
,AC000W008510491,,3528-V0W7M0,,
,AC000W008513081,,2609-V3J1B8,,
,AC000W008523211,,1831-H3G0D6,,
,AC000W008527065,,2882-W0B1B0,,
,AC000W008527139,,1063-D4K4B7,,
,AC000W008529445,,1303-Z2K5H3,,
,AC000W008534414,,1672-K6S5V7,,
,AC000W013295132,,3886-D9L3Q2,,
,AC000W013306619,,4027-W7S3J7,,
,AC000W013310271,,3531-S0Z7B8,,
,AC000W008521615,1684,2571-K2J3P4,J7V 8Z1,Maison en rangée
300513677,AC000W013313399,284,1822-B3D7M4,H2G2M9,Immeuble - moins de 5 logements
300554749,AC000W008534135,2255,3361-N4T7P4,H4G 1R4,Immeuble - moins de 5 logements
300633703,AC000W008515267,196,1337-C3C0B9,H2W 2J5,Maison en rangée
300635958,AC000W008500384,1239,2985-W0Z9W0,H3J 2T2,Maison détachée
300655200,AC000W008504243,1939,2200-M3C9J1,H2M 2L7,
300698346,AC000W008520795,2768,3581-N6R3L0,H2J 2Z9,Maison en rangée
300751342,AC000W008535056,2437,3532-S2H7X2,H2C 1W8,Maison en rangée
300829915,AC000W008504803,2748,3859-P9G5J5,H1Y 3B4,Maison détachée
300847483,AC000W013308891,843,1662-Y6Q7C8,H1Y 3J4,Maison en rangée
300847856,AC000W008526046,2020,2305-G3G4K0,H1H 4Z9,
300908718,AC000W013306413,191,1693-R5S2Y8,H1J 1Z8,Maison en rangée
300936897,AC000W008489800,2474,3546-G0B3M7,H9H 4A1,Maison en rangée
300955677,AC000W008522782,427,1887-N6Q9C1,H1K 4X4,Maison en rangée
300963773,AC000W008499126,2204,3379-Q7X4M9,H1V 2C6,Maison en rangée
301018556,AC000W013301770,2567,2997-K9V8R4,H1W 4A1,Maison en rangée
301066626,AC000W008513849,2511,1663-S7R3P7,H3E 1K6,
301077460,AC000W008530530,2378,3246-J0R4S3,H2J 3M7,Immeuble - moins de 5 logements
301095338,AC000W008529908,2746,3940-X2D9Z8,H1M 3J5,Immeuble - moins de 5 logements
301139416,AC000W008534283,1260,2702-R0J7Q0,H1T 3L6,Maison détachée
301162497,AC000W008495240,791,2002-S0B9R9,H1M 2X8,Maison détachée
301174891,AC000W013292715,2715,3620-D1Q4X0,J7T 2R9,Maison détachée
301238609,AC000W013303128,1850,3669-Q7K8R4,J7T 3G1,Maison détachée
301240507,AC000W008501753,2044,2182-R7B4K4,J7T1H9,
301254085,AC000W008519270,190,1343-L0B4G3,J0L2R0,Maison détachée
301260165,AC000W008522662,934,2076-Z7N7H2,J7V 8K4,Maison en rangée
301278112,AC000W013294723,863,1503-D2G7W8,J3N 1Z2,Maison détachée
301280754,AC000W008522997,1203,2040-R5Q5D8,H9K 1J3,
301280836,AC000W008518907,1770,2711-S4R2V1,H8R 3R7,Maison détachée
301280836,AC000W008535283,1770,2711-S4R2V1,H8R 3R7,Maison détachée
301292022,AC000W008502415,2798,3891-K9Z4S7,J5A 2P2,Maison détachée
301323664,AC000W008498999,2663,2098-R2B5X3,G9H 2A5,
301331772,AC000W008530930,141,1169-S4K6N0,J5R 6P7,Maison détachée
301412214,AC000W008522671,621,1433-K0N7L1,j7t2k6,Maison détachée
301464754,AC000W008519554,1348,3005-P8B6P4,J0P 1M0,Maison détachée
301468137,AC000W008491264,2670,3423-V7T5R9,J7V 5Y9,Maison détachée
301485334,AC000W008499480,1771,3219-B2S9Z6,J5A 1Y9,Maison détachée
301489394,AC000W008520169,1824,3481-Y4S4Q2,J5A 1Z2,Maison détachée
301493693,AC000W008498414,832,1428-S2D5W8,J4B 7R8,Maison détachée
301540190,AC000W008517889,2035,1400-B8L5J9,J4G 2P1,
301562194,AC000W008490509,1442,2939-T3L3M4,H8P 3R8,Maison en rangée
301570244,AC000W008499565,2013,1614-C3Q5Q5,J4G 1V2,
301584258,AC000W008502880,1883,3149-V1G2J4,J4R 2J9,Immeuble - moins de 5 logements
301651340,AC000W008528993,2068,1139-L3H2L3,J3N 1L1,
301651341,AC000W013288932,2706,3920-V1P1Z7,J4M 2W4,Maison détachée
301655280,AC000W008507928,457,1912-B0S0D7,J2W 1T6,Maison détachée
301666471,AC000W013307267,2744,3663-F0Q2T5,J3X 1L9,Maison détachée
301673143,AC000W008515180,469,1995-Y5V9T4,J3X 1K5,Maison en rangée
301674762,AC000W008503721,404,1179-N6Y8X7,J3X 1E3,Maison détachée
301675440,AC000W008506490,57,1147-R8C4H2,J3X 1B3,Maison détachée
301683749,AC000W008509815,2542,3935-M1Y9Q0,J3Y 7J3,Maison détachée
301687976,AC000W008514458,360,1606-W0Q7J6,J3y 4m7,Maison détachée
301701184,AC000W013302685,2714,4068-F1M1H0,J4B 8H4,Maison détachée
301734053,AC000W013293368,2719,4052-Y3W4R2,J3V 6C8,Maison détachée
301737388,AC000W008497117,2402,3521-Z0B4L4,J3Y 8S2,Maison détachée
301750503,AC000W013306174,2701,4047-T1M4M4,J3X 2E7,Maison en rangée
301755689,AC000W013311507,2652,3955-X1R8W4,J3B 6X1,Maison détachée
301756325,AC000W008492356,1581,3260-F0Z6K8,J3E 2L9,Maison détachée
301771889,AC000W008505817,2635,3952-N4B6Q0,J3L 4Z5,Maison détachée
301787219,AC000W008496765,448,1560-C3S3H7,J3N 1W1,Maison détachée
301807707,AC000W008513504,305,1522-N7M6M6,J3X 2H3,Maison détachée
301808226,AC000W008498324,556,1511-F8K3H8,J3X 2H2,
301823403,AC000W008510227,2678,1790-Q7Q7W4,J4B 8E1,
301830887,AC000W008510603,251,1697-F0Z5J9,J3Y8T1,Maison détachée
301836866,AC000W008508653,1757,3270-C9H6Z6,J4X 1X9,Maison détachée
301844548,AC000W008517879,369,1926-Z5K9T7,J4Y 3B1,
301853563,AC000W008521443,2642,3905-X0K3N8,J4X 2S3,Maison détachée
301859980,AC000W013314354,2702,3813-G6X2M6,J4M 1W1,Maison en rangée
301885995,AC000W008488842,1358,2608-M1K4W5,J3X 2C2,Maison détachée
301947362,AC000W013309549,2704,1898-W3N9D5,G1X 3Y2,
301977241,AC000W008500522,1512,2649-D5V2J3,G1C 6A3,Maison détachée
301977241,AC000W008517320,1512,2649-D5V2J3,G1C 6A3,Maison détachée
301981563,AC000W013316119,2751,4077-Z9X0H1,J3G 5K2,Maison détachée
301991312,AC000W008514780,747,2029-W7M2M1,G3A 2Y1,Maison détachée
301991312,AC000W008530269,747,2029-W7M2M1,G3A 2Y1,Maison détachée
301999958,AC000W008504167,1457,2832-D9S8P3,G2C 1L3,Maison en rangée
302007793,AC000W008533836,1906,1308-J1M4H1,G1t1c9,
302011931,AC000W008494151,913,1812-W6V5M3,G3E 1B3,Maison détachée
302023869,AC000W008499092,1164,2640-H8N8K7,G1J 2A4,Immeuble - moins de 5 logements
302032802,AC000W008514681,1590,2936-Y9S0R6,G3A 1P9,Maison détachée
302038642,AC000W008531535,380,1458-Y5H1S7,G3A 2J2,Maison détachée
302044678,AC000W008517797,898,2079-H1H4K9,G1M 3T3,Maison en rangée
302047818,AC000W008508183,1513,3051-Y1C5S4,G1M 3T4,Maison en rangée
302053891,AC000W013287376,2560,3705-K1F0J5,G2K 1S4,Maison en rangée
302089227,AC000W008511087,932,1305-W9T8W1,G1T1M5,Maison détachée
302096998,AC000W008499182,2636,3704-L3K1V3,J0H 1S0,Maison détachée
302113694,AC000W008500794,2292,4017-L9S3Z6,G1G 6R7,Maison détachée
302120703,AC000W008511692,1495,2739-H0Q9Y0,G2A 3Z2,Maison détachée
302138059,AC000W008519018,795,2153-Q2J8N5,G2G 2L3,
302148203,AC000W008528907,368,1474-Z6T5B5,g2e4h3,Maison détachée
302152621,AC000W013305484,2525,4043-J8P9G1,G2M 1E6,Maison détachée
302178074,AC000W008516766,2349,3692-N9N1G0,G3A 1G4,Maison détachée
302196506,AC000W008506705,1572,2902-H4T5G5,G1R 1B5,Maison en rangée
302214899,AC000W008527775,1516,3120-F1W7W1,G1N2J1,Immeuble - moins de 5 logements
302270336,AC000W008526232,1706,3082-F5Z4V0,G0A 3R0,Maison détachée
302280485,AC000W013292646,2708,3792-X7X2M7,G0A 1H0,Maison détachée
302321937,AC000W008498424,2658,3925-G4F0V0,G6V 8W6,Maison détachée
302329531,AC000W008529427,2386,3990-Q9R1N4,G6J 1E8,Maison détachée
302381880,AC000W008493738,1625,3337-G8P7J7,H7G 3Z8,Maison détachée
302382696,AC000W008506388,1224,2954-P9W8J7,H7R 5E7,Maison détachée
302392825,AC000W008536625,522,2054-M5S5T3,H7A 3Y3,Maison détachée
302395265,AC000W008488731,1833,3404-Y2V8G3,H7N 4V7,Maison détachée
302415798,AC000W013300994,2732,4059-B5N3V5,H7T 2L3,Maison détachée
302417026,AC000W008489051,1877,3618-X0M9H0,H7H 2Y9,Maison en rangée
302488247,AC000W008492941,1517,3193-N0L5J0,G6W 6R2,Maison détachée
302524272,AC000W008502866,2565,4045-V1L9N0,H7P 5R3,Maison détachée
302536098,AC000W008506578,1538,2594-K4T1J9,G6C 1K8,Maison détachée
302539604,AC000W008513386,35,1505-M5C9P0,H7E 1W7,Maison détachée
302542077,AC000W013287200,2668,3969-R4Q9X4,H7K 1V6,Maison détachée
302542559,AC000W008516840,142,1272-D5T7Q0,J5L1L6,Maison détachée
302547819,AC000W008536251,594,2309-B2M7Y1,H7K 1H3,Maison détachée
302569240,AC000W008514932,259,1360-Z5K4G0,H7G 1X2,Maison détachée
302585814,AC000W008519564,2671,1520-W4G7Z3,H7P 5B6,
302600847,AC000W008510507,1119,2737-C3W1V9,H7L 4W5,Maison détachée
302625884,AC000W008509800,2617,3807-L1K7K7,H7W 5E7,Immeuble - moins de 5 logements
302655350,AC000W008496230,2674,2359-X6M1T2,h7m4w7,
302708759,AC000W008533108,1482,2984-R2W7N7,J7R 6K5,Maison détachée
302751892,AC000W008511640,83,1072-J1K0G9,J7G 3J4,Maison détachée
302756492,AC000W008509939,1944,1239-B3R1T0,J7G 3B9,Maison détachée
302770956,AC000W008508389,73,1120-M9T3W3,J6X 3W4,Maison détachée
302802179,AC000W008522294,681,1564-S8G6Q8,J7R 7H5,Maison détachée
302815825,AC000W008533623,1006,1414-V9J4N7,J0N 1P0,Maison détachée
302845075,AC000W008505653,319,1680-Z7L3J0,J7P 3P4,Maison détachée
302846156,AC000W008494953,2624,3808-Y2B2Y4,J0N 1P0,Maison détachée
302865819,AC000W008519612,2177,1855-B5W5G1,J6Z 4H5,
302883877,AC000W008520875,2517,3993-G9K4R1,J7Z 1G1,Immeuble - moins de 5 logements
302917506,AC000W008497149,2633,3945-K9M5Y0,J6Y 1W3,Maison détachée
302918265,AC000W008522736,918,1903-N3S2T6,J7c4r8,Maison détachée
302923997,AC000W008519424,1434,2731-J4R7L8,J7P 3Y4,Maison détachée
302946497,AC000W013304250,1273,2953-G8C5X2,J5Y 3M9,Maison détachée
302953686,AC000W013297618,2713,3860-Y8W5P7,J7M 2C3,Maison détachée
302972070,AC000W008502656,2200,1080-P1J3T1,J6V 1E8,
302975200,AC000W008525945,2146,3756-V2Y9X0,J5Y 0A1,Maison détachée
302984859,AC000W008525889,1723,3252-Q1N2G8,J6A 7T8,Maison détachée
302994309,AC000W013301373,2553,4053-T4F5W4,J6W 4W9,Maison en rangée
303006006,AC000W008514564,1294,2803-M4Y1B9,J5M 2A2,Maison détachée
303039949,AC000W008505352,124,1039-G3Q4Q5,J7G 2L9,Maison en rangée
303041642,AC000W008500046,1287,2677-X0N9R1,J7K 3Y1,Maison détachée
303080787,AC000W013309092,827,2364-V4L8S3,J5Y 2R4,Maison détachée
303160525,AC000W008492070,480,1407-S3S3S5,J8R 1W4,Immeuble - moins de 5 logements
303165752,AC000W008513991,1750,3338-C0Z2R2,G8T 2B3,Maison détachée
303167388,AC000W013293719,2398,3991-G7J7S0,G8Y 4T9,Maison détachée
303178359,AC000W008507326,560,1391-C2R7T9,J9J 3B5,Maison détachée
303179136,AC000W008488137,1626,3100-Y6M1W7,J8V 2J9,Maison en rangée
303196822,AC000W008518266,1793,3508-Z3Y0C8,J8N 7G7,Maison détachée
303197493,AC000W008495026,1951,1334-Y4X7G7,G9B 6T3,
303202143,AC000W008520933,1871,3791-P5T8D1,G8Z 2E5,Immeuble - moins de 5 logements
303220025,AC000W008503903,1712,3467-B1F2V9,G8T 2R1,Maison détachée
303221753,AC000W008523893,2630,3910-N5D8G7,G8V 1P9,Maison détachée
303235363,AC000W008534696,627,2120-D8Y1V8,G9R 1B8,Maison détachée
303246233,AC000W008500776,653,1073-W9V5M5,G8W 1G8,Maison détachée
303250828,AC000W013302472,2640,3934-P9C0M5,J8R 2C7,Maison en rangée
303255146,AC000W013295388,2468,4024-X0C7F8,J8T 4C6,Maison détachée
303263458,AC000W008514591,666,2159-R1R6P5,G8Y 2P9,
303311609,AC000W008496498,1928,2140-V1X9X5,g9b6g6,
303315922,AC000W008511535,1121,2674-X0G8G6,G9B 6S3,Maison détachée
303357665,AC000W008503268,632,2336-Q8L5C6,J8V 1H3,Maison détachée
303367404,AC000W008521057,2792,3858-N5L3P4,G8T 2J2,Maison détachée
303426769,AC000W013307295,2457,3783-S6Z0Z7,G8Y 6P2,Maison détachée
303446137,AC000W008518540,935,1643-N5J3D4,G8T 9N2,Maison détachée
303791914,AC000W013295992,2337,4015-C8F4S7,J5W 4Z8,Maison détachée
303807536,AC000W013299666,2313,4019-B5F1W5,J5R 0E4,Maison en rangée
303875897,AC000W008520233,2334,3799-F0F2P9,J7C 4T5,Maison détachée
303890734,AC000W013300444,1917,2453-L5P5B0,J7M 1W3,
303892438,AC000W008511083,1191,2583-L5Q3J8,G9C 0A4,Maison détachée
303924741,AC000W008499082,143,1928-H8H7Y4,H1V 1L3,
303932407,AC000W008518762,351,2228-V9J2V1,J3H 5Z8,
303977563,AC000W008536453,2396,3753-L9B0Z5,G3A 1A6,Maison détachée
304029874,AC000W008488519,2656,3973-D0P6N6,J5W 2N5,Maison détachée
304054244,AC000W008489226,1454,2567-W1V0Q2,J3B 7L3,Maison détachée
304162520,AC000W008534930,857,1497-Q1P7J7,G2M 1G8,Maison détachée
304184556,AC000W008510702,1445,2744-W2V8G5,H1N 2J3,Maison détachée
304234720,AC000W008492294,1755,3145-S4Z0C0,J0N 1P0,Maison détachée
304383918,AC000W008494810,484,1843-G1W5V1,G8W0B1,Maison détachée
304426954,AC000W008510270,106,1082-Q9L6G4,H7L 6H7,Maison détachée
304485927,AC000W008526395,60,1166-K4V4Y7,J0L 1N0,Maison détachée
304506184,AC000W008498158,2069,1199-W8R1W2,J4M 0A2,
304538756,AC000W008491088,2649,3597-M0G2R2,J6Z 4W9,Immeuble - moins de 5 logements
304567883,AC000W008504925,2259,3536-P9M2C8,J3H 0B3,Maison détachée
304707472,AC000W008517433,826,2142-Q7M3F3,G2B 1G7,
304789564,AC000W008516776,1437,2683-N4M9G0,J3B 8L2,Maison détachée
304832303,AC000W008494672,2186,3880-D1B0P0,J7R 7A9,Maison détachée
304909166,AC000W013297168,2551,4058-N7G3F7,J2H 0E8,Immeuble - moins de 5 logements
304960886,AC000W008493454,1725,3050-W4N5T5,J0P 1M0,Maison détachée
305110737,AC000W013294209,2632,3788-V7R3N6,G6J 1N8,Maison détachée
305123118,AC000W008519729,2329,1174-X9Z5K7,J4L 4K7,
305158530,AC000W008503651,764,1588-Z8Z1S6,J3E 2K2,Maison détachée
305201522,AC000W008533560,1978,1339-J7B5G1,H1Y 2W7,
305268732,AC000W008535821,2243,2005-C3F5C4,J6Y 1X4,
305308478,AC000W008534893,2325,3919-K9H5N5,H7T 2N5,Immeuble - moins de 5 logements
305324268,AC000W008523732,2733,3634-P2G9H5,H1Z 3N7,Immeuble - moins de 5 logements
305348528,AC000W008524003,1079,2508-P7S8M6,H2R2B3,Immeuble - moins de 5 logements
305385483,AC000W008514214,2267,3302-C9M1Q0,J7T 2H2,Maison détachée
305416588,AC000W008497880,676,2179-Y5K1R2,H1K 4X4,
305418432,AC000W008502527,2433,1135-J1D2J9,J3X 1H9,
305461076,AC000W008532799,1969,1178-Y3V1F5,H7P 3V3,
305475192,AC000W008506354,401,1870-Z8J5D6,J3H 6C1,Maison détachée
305496230,AC000W008517663,2665,3970-B6Q1V6,H7T 2G1,Maison détachée
305516815,AC000W013296633,1488,2910-J7S7L9,H1J 2R7,Maison en rangée
305533972,AC000W013303894,2699,2016-L8J7S7,g3k0c5,
305546114,AC000W008523305,2641,3868-R4L2J1,J0N 1M0,Maison détachée
305550815,AC000W008520856,2514,1890-K0M3B3,H2j 3z4,
305553066,AC000W008508490,881,2093-P0Q2G7,J4S 1Z1,Maison en rangée
305567712,AC000W013309619,2626,3475-S4B9L3,H3R 1P7,Maison détachée
305568878,AC000W013297569,286,1820-C9C6J2,H2S 2Z5,Maison en rangée
305581380,AC000W008499645,1798,3300-N6H6Z5,H2K 3T5,Immeuble - moins de 5 logements
305594209,AC000W008495605,2065,1261-V4V3S4,H7X2Z3,
305629726,AC000W008535940,648,2073-N5S8J2,J5W 0G8,Maison détachée
305639995,AC000W008521388,230,1256-W4W2S2,J3X 1B9,Maison détachée
305650489,AC000W008509665,2723,1059-P7P2Q3,J0L 1N0,
305650489,AC000W013291772,2723,1059-P7P2Q3,J0L 1N0,
305654237,AC000W008532001,2103,1639-X3B9Q2,J6V 1K7,
305663593,AC000W013297057,2273,3708-W5T5Z8,J4W 1Z7,Maison détachée
305689231,AC000W008489591,883,2056-V5T9L4,G9B 8B1,
305704681,AC000W013310402,2639,3933-R2D4P4,J4Z 3R5,Maison détachée
305776234,AC000W008501506,2667,3947-J9M2Q5,G9B 7N1,Maison détachée
305831069,AC000W008490501,1501,2586-R1R2L7,J3V 5L7,Maison détachée
305864795,AC000W008492146,113,1074-T5Z1D2,J0L 1N0,Maison détachée
305869785,AC000W008525659,2761,3888-R7T0V5,J7Z 1G1,Immeuble - moins de 5 logements
305942010,AC000W008514055,1577,3112-Y7L4W4,J7R 4H2,Maison en rangée
305977617,AC000W008489227,2310,2282-J0C0M8,H2H 1X7,
306049432,AC000W008525736,1821,3537-F3R5B2,J4B 5T2,Maison détachée
306098586,AC000W008525141,2421,4028-R8B1W1,G8T 9G8,Maison détachée
306188530,AC000W008511486,1302,2667-F9W9P0,G8Y 6S8,Maison détachée
306237579,AC000W008515249,547,1623-F1B6N7,J7V0K2,Maison détachée
306277048,AC000W008531362,2672,3452-W1G5J1,G1G 1H9,Maison détachée
306300037,AC000W008514690,1662,3304-W7N6P3,J0L 1N0,Maison détachée
306301752,AC000W008500581,318,1814-X2M1S0,J3X 1M7,Maison détachée
306315611,AC000W008518644,2163,3728-S6F7H7,J7G 2M2,Maison détachée
306325919,AC000W008516400,2618,1453-R7R2N1,H7R 6J3,
306396710,AC000W008498349,434,1151-G3D8G2,J5A 0C1,Maison détachée
306400808,AC000W008514007,1496,3116-G7D6B4,H2J 2M2,Immeuble - moins de 5 logements
306406888,AC000W008518866,760,2147-W9V0P2,J7T 3B4,
306413529,AC000W008502727,137,1100-D8Z8P1,J3X 2A6,Maison détachée
306441016,AC000W013301842,2549,3571-Y2Y2X2,H8S 2T4,Immeuble - moins de 5 logements
306463280,AC000W008495861,2594,4042-Z4R4H5,J3M 0C9,Maison détachée
306477647,AC000W008507066,1284,2662-N1D2N3,J4M 2R5,Maison détachée
306573182,AC000W008510431,2646,3699-C8J7N7,J8V 3B2,Maison détachée
306699736,AC000W008504631,2622,3761-Q9V2G6,J8T 7E5,Maison en rangée
306709860,AC000W008529207,2582,4112-H4H0Q9,H7L 0C3,Maison détachée
306736778,AC000W008520791,39,1171-P3B6G9,H4H 2E6,Maison en rangée
306774740,AC000W008488819,901,2366-Q8W9J0,G9N 6A2,Maison détachée
306775352,AC000W008490277,2556,3435-M2X1J8,G1K 1S2,Immeuble - moins de 5 logements
306781200,AC000W008523616,554,1970-Q0L9C8,J8R 2K2,Maison en rangée
306881964,AC000W008514871,512,1435-X9R0T2,H1Y 2N3,Maison en rangée
306891845,AC000W013293191,2698,4069-W9D0J0,J6R 0C5,Maison détachée
306933081,AC000W008527290,1616,3369-X5K0F7,H2J 3M3,Maison détachée
306979998,AC000W008516297,2552,3662-X7Y6W9,H2A 3C1,Maison détachée
306995518,AC000W008517584,1368,3072-W1G2L3,G1J 2B4,Immeuble - moins de 5 logements
307029988,AC000W008518138,2593,3795-V5L6T0,J2L 2B7,Maison détachée
307055272,AC000W008489527,445,1567-J7D5K0,H7N 4E7,Maison en rangée
307094739,AC000W008519797,2191,1028-M6F6F5,J5C 1E3,
307114133,AC000W008517270,1067,1191-R6B3Y6,J3B 8L5,Maison détachée
307123422,AC000W008523023,1315,2596-L8K1G2,H1Y 3M2,Maison en rangée
307137630,AC000W008490654,590,1838-B0R6Y3,G2C1J3,Maison détachée
307156691,AC000W008530919,1098,2648-T6V5S4,J7C 1W9,Maison détachée
307157585,AC000W008510068,2223,1052-N4V0D1,H2T 2A1,
307175132,AC000W008496366,1356,2940-S4L1S0,H8P 2E1,Immeuble - moins de 5 logements
307194518,AC000W008527997,1111,2723-M0X4M3,J6W 5E7,Maison détachée
307219288,AC000W008515055,759,1401-W8N4B1,J4P2G8,Maison en rangée
307311984,AC000W008525888,1270,2728-Z2H8V0,H2K 3Y7,Immeuble - moins de 5 logements
307320234,AC000W013303836,2566,4040-D9F1P6,J7R 5H7,Maison détachée
307324483,AC000W008499654,326,2169-X1F1W7,H1X 3K3,Immeuble - moins de 5 logements
307346627,AC000W013289326,2487,4025-J6Y3B4,G1K 1Y7,Maison en rangée
307356597,AC000W008528614,332,1636-D8T6L9,H3X 2P9,Immeuble - moins de 5 logements
307386614,AC000W008518227,1561,3052-Q5V7L0,H1C 1W9,Maison en rangée
307427824,AC000W008502483,189,1722-H0C6K0,J7N 3B6,Maison détachée
307446998,AC000W008505507,2235,3309-D2J3H4,H1B 2R4,Immeuble - moins de 5 logements
307547251,AC000W008504629,938,1321-K5X2X2,G9P 0C2,Immeuble - moins de 5 logements
307692048,AC000W008493927,1240,2912-R4T6N7,H2R 2J4,Maison détachée
307707654,AC000W008507329,2293,3432-M4S3X1,J7K 0S8,Maison détachée
307717807,AC000W013295966,2488,3785-W3M8B5,J8L 4B7,Maison détachée
307727326,AC000W013287835,994,2380-X9T4D6,H2R 1Z5,Maison en rangée
307750137,AC000W008517545,2432,1514-H4S0T9,H7N5R9,
307859874,AC000W008492828,158,2208-G6P1C7,H7P2S9,
307882996,AC000W013288984,2650,2050-P6J8B1,J5B 1G5,
307890531,AC000W008537373,1610,2906-R1J8X6,H1V 0A8,Immeuble - moins de 5 logements
307926721,AC000W013305935,1752,3230-P2Q6X1,J8T 6C8,Maison détachée
307977948,AC000W013289129,2591,1569-Y8X2T2,J4n1n8,
308018115,AC000W008528975,1459,2824-M1X9V1,G1S 2W3,Maison en rangée
308055445,AC000W013297061,2631,4178-W2Q3P1,J5R 3H9,Maison détachée
308056027,AC000W013287066,2466,1327-R7M8M1,H2G 2V3,
308079244,AC000W008500191,361,1335-W2G2T2,G1J 1G5,Maison détachée
308081768,AC000W008520398,651,2325-C9L8J6,H2S 2P5,Immeuble - moins de 5 logements
308081768,AC000W013294082,651,2325-C9L8J6,H2S 2P5,Immeuble - moins de 5 logements
308083986,AC000W008493315,2673,3767-R9F7P2,G9B 7C4,Maison détachée
308095315,AC000W008489179,1825,3485-F6R3K4,J0L 2K0,Maison détachée
308108522,AC000W008526365,104,1086-R1T6L8,J7K 0R8,Maison détachée
308116628,AC000W013315942,2547,4050-M6K5M7,J5W 4K8,Maison détachée
308118779,AC000W008517927,2504,3911-Y4J5L9,G3E 2K4,Maison détachée
308141456,AC000W008506891,2128,1153-S5M1N1,H9H 4Z4,
308205608,AC000W008535096,1555,2636-X1Q5Z2,G3J 1T7,Maison détachée
308272707,AC000W013311856,2675,3959-R6D0L9,J4B 4X6,Maison détachée
308295666,AC000W008505266,1524,2844-K1D0J3,J4V 3M8,Maison détachée
308320959,AC000W008513729,2037,1434-Q4Q0P8,J0N 1M0,
308326477,AC000W008511154,2623,3885-B3T1Q5,G6V 5W3,Maison en rangée
308347379,AC000W008514746,2607,1192-D2F1R6,H2J 2Z9,
308433434,AC000W013293026,1861,1227-N0W4C4,G8Y 4Y3,
308456547,AC000W013313229,2603,3980-T0K4N3,J9H 4G3,Maison détachée
308462853,AC000W008521747,1377,2646-Z2G3M2,J5l1l4,Immeuble - moins de 5 logements
308464548,AC000W008524387,1159,2793-V2T7F9,J2S 7Z1,Maison détachée
308516790,AC000W008521987,2718,4051-K4S7L9,J5V 1S7,Maison détachée
308529709,AC000W008523830,2077,1761-Y1M6H6,H1L 4K9,
308589509,AC000W008498555,2153,3687-X7Z2V2,H7E 0G3,Maison en rangée
308599269,AC000W008523437,2354,3701-P0V1S3,G2E 5T3,Maison détachée
308599393,AC000W008529816,1787,3355-V3S0V9,J8R 1T2,Maison détachée
308622276,AC000W008527224,1114,2554-K2F1L4,G1H 1K3,Maison détachée
308640205,AC000W008511141,1398,2705-L9Q7J3,J6K 3X9,Maison détachée
308640855,AC000W008512296,2079,1289-S8D6V0,H1k5a9,
308673761,AC000W008537355,1876,3733-H4R7H5,J7R 7J2,Maison en rangée
308735279,AC000W008522017,1481,2598-W4M5B9,G1P 3M2,Maison détachée
308735279,AC000W008522114,1481,2598-W4M5B9,G1P 3M2,Maison détachée
308745662,AC000W008501865,871,1395-G0X4Y7,J7E 5M9,Maison détachée
308757055,AC000W008506876,1650,2779-Q3J6B1,G3N 0T4,Maison détachée
308758391,AC000W008526410,456,1939-Z7Z9W0,J2S 8Y9,Maison en rangée
308786555,AC000W013309825,1865,3782-Q0Y0Q5,G8Y 5R2,Maison détachée
308795534,AC000W008503965,422,1216-X8B5J5,G0X 2L0,
308819235,AC000W013313711,2661,3762-G3T8M6,G1X 3Y2,Maison en rangée
308884112,AC000W008517362,69,1102-J8Z3B9,J3X 1Z5,Maison détachée
308947553,AC000W008509047,1747,3364-B1T0T8,J0L 1N0,Maison détachée
309051020,AC000W008526431,683,1563-H4K0X6,j9j3s7,Maison détachée
309081344,AC000W008507591,2112,1509-D3T8Z4,J3N 1W1,
309169368,AC000W008505340,839,1832-X2H4M7,J3Y 5X7,Maison détachée
309205309,AC000W008507283,1680,3428-M3D4X3,J7N 3L7,Maison détachée
309213419,AC000W013316092,2581,4078-S8S2T6,G1C 7J5,Maison détachée
309267361,AC000W008511644,1514,2729-R6J5R4,G1Y 1Z8,Maison détachée
309268881,AC000W013287928,2601,3942-S4V5G8,J4V 2C1,Maison en rangée
309271723,AC000W013297879,2647,1495-V6J3Y6,J4M 2Y1,
309275584,AC000W008529422,1084,2547-W1D9Z7,G9R 1X1,Maison détachée
309300122,AC000W008526913,2493,2146-Y7M3B7,J5A 1E4,
309305964,AC000W008516233,2217,3559-P3K8P1,J8V 3M5,Maison détachée
309362289,AC000W008520757,778,2209-D7C8P7,H2S 1N2,
309372408,AC000W008535067,2523,3914-G9T5J6,H7R 4S1,Maison détachée
309403377,AC000W008503723,1475,3164-M0C6L5,G3K 0C3,Maison détachée
309420459,AC000W013296121,2712,1101-T4Q8Y5,H7H 3A1,
309430214,AC000W008508893,2692,4044-H8P9J2,J3T 1C1,Maison détachée
309431838,AC000W008521769,66,1282-Z6Z0T9,J4B 5P6,Maison détachée
309479099,AC000W013312752,2703,2852-J7Y7G7,J3H 4G2,Maison détachée
309484408,AC000W008521090,2512,3872-M8K1X2,J2L 0J6,Maison détachée
309487379,AC000W008505357,23,1254-L6V9H5,J6V 0A9,Maison en rangée
309499904,AC000W013313102,1526,2656-L3Q8N9,H2V 4P1,Maison en rangée
309501275,AC000W008495688,2497,2227-L3J4F8,J7E 2H8,
309504785,AC000W008491741,2016,1576-G6Y1X0,H8T 2X1,
309508909,AC000W008517529,2414,3883-J2P4Z5,J3N 1L1,Maison détachée
309535434,AC000W008504423,1223,2898-D0S5N1,H1X 2R1,Immeuble - moins de 5 logements
309555574,AC000W013314696,1319,2734-F3H5Z4,H1A 5K1,Maison en rangée
309571327,AC000W008508000,2654,3685-Y0L3V4,H2G 3A2,Immeuble - moins de 5 logements
309645881,AC000W008528593,740,1212-Z4X6G6,H1K 5C9,Maison détachée
309655811,AC000W008521951,1355,2866-D6K0H1,J4L 4N4,Maison détachée
309667712,AC000W008496440,1961,2028-Y1J4B7,J3G 5T8,
309716440,AC000W008491044,1919,3506-H4H3S8,J4B 8B9,Maison en rangée
309724666,AC000W008516723,2175,3747-L8Y7V5,J5W 2L3,Maison détachée
309731633,AC000W008532454,1439,3030-P5Z7Q0,G3S 0P9,Maison détachée
309854986,AC000W013314005,1918,3937-Q8Z3L4,G9B 6N8,Maison détachée
309871648,AC000W008490741,879,2304-P2R5M5,H8Y 1V7,Maison détachée
309877940,AC000W008516528,1116,2736-H8N4B0,H1X 2W7,Immeuble - moins de 5 logements
309881138,AC000W008505228,218,1253-W0D0C3,H4G 3H3,Immeuble - moins de 5 logements
309940956,AC000W008515665,727,1549-L8X3S4,J7P 4G8,Maison détachée
309941205,AC000W008517427,2422,3867-T8M8V0,J3N 1C8,Maison détachée
309948810,AC000W008515980,1983,1164-Z4M6F7,J4T 3P1,
309985019,AC000W008535665,2669,1202-Z2F2X1,H2J 3L8,
309987378,AC000W008492331,626,1981-W0X4W5,J3L 5N9,Maison détachée
309991678,AC000W008492313,1166,1651-G3Q7Q5,h2c 2c5,
310006788,AC000W008490962,277,1800-V9M4Q6,J5L 0J8,Maison détachée
310026004,AC000W008520957,1743,3303-T0H3W7,J7P 4K8,Maison détachée
310099748,AC000W008491485,1272,2618-Z7H5B1,J0L 2R0,Maison détachée
310112743,AC000W008494892,2180,1311-X1M0K4,H9X 2E1,
310195241,AC000W008511251,2664,3254-D3X2L4,J4L 4V2,Maison en rangée
310213700,AC000W008490969,1209,2845-V9T4F4,J5W 1L1,Maison en rangée
310271487,AC000W013310254,2722,1221-L9N5L0,J4T 2J8,
310273829,AC000W008505752,2114,1214-H9M7M9,J5R 2H3,
310297039,AC000W008523657,743,1921-R2K5R9,H2X 3C4,Immeuble - moins de 5 logements
310319294,AC000W008493308,1292,2572-C2V3V0,J5R 6G9,Maison détachée
310325500,AC000W008535857,2118,3298-G7F7N7,J0L 1N0,Maison détachée
310343795,AC000W008536997,896,2189-X1S7R1,G9C 0A7,
310349253,AC000W008529512,2271,3831-V1G6N7,H7R 6A7,Maison détachée
310356510,AC000W008519898,2404,3750-W7Q9J1,J5A 0B2,Maison détachée
310367799,AC000W008496772,1587,2807-R3S1H1,H7R 1L7,Maison en rangée
310376333,AC000W008504403,1528,3110-L7D8Y0,J7Z 6T8,Maison détachée
310412388,AC000W008506886,998,2298-K1X3F2,G1w2r4,Maison détachée
310420349,AC000W008505537,544,1744-D2D3V6,G3N 1C8,Maison détachée
310462087,AC000W008515220,2162,3693-M2T2D4,H7M 4S2,Maison détachée
310470482,AC000W008494422,2138,1163-J2R2R1,J3E 3M3,
310496372,AC000W008520121,1402,2878-F0J8N8,J6W 5H2,Maison détachée
310496372,AC000W008527183,1402,2878-F0J8N8,J6W 5H2,Maison détachée
310508825,AC000W008519999,1637,3196-C2B6Z6,H3K 1L2,Immeuble - moins de 5 logements
310537334,AC000W008497144,63,1645-G9C4G9,G2B 5L5,Maison détachée
310554637,AC000W008497025,1764,3551-L3H8G4,H7H 2V8,Maison détachée
310595445,AC000W008488738,2441,3414-L2N0Y0,H4R 0L1,Maison en rangée
310615893,AC000W008514592,2659,3941-M3J0S3,J0N 1P0,Maison en rangée
310664210,AC000W013289868,2570,4060-J6C4T1,H7T 2A5,Maison détachée
310677746,AC000W008491925,2220,3442-F2S9Z6,H7G 3J2,Maison détachée
310678151,AC000W008514524,211,1376-W4T0Y2,J5R 6L2,Maison détachée
310682156,AC000W013309120,1563,3080-V2G2S6,H2E 2J6,Immeuble - moins de 5 logements
310702658,AC000W008530035,603,2133-J6N2T3,H7L 4Z1,Maison détachée
310741851,AC000W008504661,1525,2672-B7T5B1,J3T 1T5,Maison détachée
310744016,AC000W008519073,1145,2767-V6Q2L9,J4R 2N6,Maison détachée
310753621,AC000W008489936,1522,2811-L9P7K5,J8R 1J7,Maison en rangée
310797779,AC000W008523586,2655,1134-R9R3M0,H1K 0C9,
310837401,AC000W008520630,902,2188-H7C8S4,G3A 1C4,
310926251,AC000W008507775,2027,3370-V1Y6K8,H7M 4L3,Maison détachée
310974508,AC000W008503039,833,2170-X6L9X9,H7G 3E7,Maison détachée
310999356,AC000W008525403,644,1774-Q9W5W8,J4W 2N2,Maison détachée
311018930,AC000W008512289,2358,3731-M6V0F6,J7R 3S2,Maison détachée
311020690,AC000W008527337,1327,2865-T0S1J2,H2J 2Z4,Maison en rangée
311024102,AC000W008492528,1494,2919-X5C8F0,H1G 3A7,Immeuble - moins de 5 logements
311026535,AC000W013298918,2693,4067-W5F7V8,H7M 4B5,Maison détachée
311035225,AC000W008529064,2628,3738-D8K7T6,J5R 5Y1,Maison détachée
311038226,AC000W008490104,2436,3656-N8S7L3,J9B 1Y5,Maison détachée
311042856,AC000W008502881,1869,3778-S2F9X8,J3L 5M1,Maison détachée
311057544,AC000W008492440,2314,3479-V5J4J0,H7H 2Z6,Maison détachée
311071320,AC000W008511469,2634,3928-W6W6Y2,J7E 5K3,Maison détachée
311072003,AC000W008505832,1246,3001-P9X7S6,H4L 3W7,Maison détachée
311074134,AC000W008512110,2289,3909-F4N7M8,G6X 1A9,Maison détachée
311086678,AC000W008512997,2645,3314-V5S0J1,H2G 2V1,Immeuble - moins de 5 logements
311089161,AC000W008500958,2121,3297-H4T8P1,H1L 5M6,Maison en rangée
311103142,AC000W008520842,358,1449-Q1X5T2,H2s2g8,Maison en rangée
311109868,AC000W008494813,194,1117-C8V2Q2,J7V 9R1,Maison détachée
311109868,AC000W008503008,194,1117-C8V2Q2,J7V 9R1,Maison détachée
311115779,AC000W008533155,2066,1598-V9K2T8,H2E 2K7,
311125541,AC000W008513973,2154,3852-H3B5Z2,J0L 1N0,Maison détachée
311125998,AC000W008516949,1152,2685-X1F1N2,J6W 6A5,Maison détachée
311173228,AC000W008504507,1604,3019-V2P9Y9,G1T 1A9,Maison détachée
311190612,AC000W013311124,2648,4016-T5G5H9,J0L 1T0,Maison détachée
311202214,AC000W008531913,2202,1186-L8R1H2,J3N 1T2,
311205619,AC000W008489058,303,1859-T1L6X1,h7h2z5,Maison en rangée
311206804,AC000W008503656,1322,3007-H7J0Q3,J7T 2M3,Maison détachée
311212880,AC000W008499361,2721,4036-D5T1D8,G7A 3M4,Maison détachée
311238694,AC000W008502229,1112,2680-P2S0R2,J5R 1L1,Maison détachée
311242462,AC000W008513840,2614,3721-D9P8J2,H2T 1X2,Immeuble - moins de 5 logements
311292720,AC000W008519991,2063,3987-K9C3V0,J0C 1M0,Maison détachée
311293865,AC000W008525302,2199,1578-Y0B3H6,J7V 0K2,
311334721,AC000W008510704,1931,3898-G9L0R2,G7A 3A4,Maison détachée
311467051,AC000W008498374,2501,2391-V0G6Q6,H1V2R5,
311517789,AC000W008522216,665,1424-N6W7R3,G1E 2Z7,Maison détachée
311531624,AC000W008535943,2548,3954-H2Q2Y4,J4L 4V6,Maison en rangée
311538445,AC000W008531076,2409,3951-S1C8Q2,H7A 4H3,Maison détachée
311547415,AC000W008533934,1934,1324-K0F8H3,J4V 1N6,
311569444,AC000W008524291,941,2101-J2T4Y1,J4G 2S4,Maison en rangée
311588523,AC000W008491369,2791,4132-N0H2L0,H1B 5A1,Immeuble - moins de 5 logements
311595249,AC000W008488668,1362,2623-R9Y6Q7,J5M 2G3,Maison détachée
311615321,AC000W008503110,2788,3396-Y0V1G7,H2P 1K3,Immeuble - moins de 5 logements
311638203,AC000W008496157,2676,1923-Q7C0G7,J3E 2T2,
311646987,AC000W008494364,1880,3823-C6V2B2,H7A 0C7,Maison en rangée
311677754,AC000W008522979,2222,3487-K0T2R9,G1T 2T5,Maison en rangée
311682958,AC000W008499901,2331,3389-B7B6C9,J2W 1R5,Maison détachée
311701994,AC000W013292949,2691,4100-Y2M3W4,H7A 1A3,Maison détachée
311702287,AC000W008498898,2711,2403-W0P8P8,G8W 0N7,
311728920,AC000W008503383,2644,1555-S6J8R3,J3H 2P5,
311766282,AC000W008495194,2785,3719-R7G8X8,H2K 1Y3,Maison en rangée
311789846,AC000W008536574,2110,3237-N9T5P4,H2A 2B4,Maison détachée
311792580,AC000W008492167,1115,2589-V3Z4H9,G1W 4W8,Maison en rangée
311805468,AC000W013287669,2734,3971-N3P3P1,H3K 1T9,Maison en rangée
311841963,AC000W008533048,2662,3255-S7Q5P9,J4L 4T3,Maison détachée
311853526,AC000W008507584,1458,2968-B4Q9Z9,G2E 6E8,Maison détachée
311868365,AC000W008499629,1383,2777-R5D5Q5,J4B 7X2,Maison en rangée
311899359,AC000W008497579,1915,1936-P3C5W3,J7T 2E7,
311899474,AC000W013294427,2731,4076-D5J7X0,J3H 6L5,Maison en rangée
311902269,AC000W008531307,1903,3736-S1H1Z8,J9J 2E4,Maison détachée
311907049,AC000W008528870,89,1078-J1B1Z6,J3N 1P9,Maison détachée
311915079,AC000W008490573,2772,3809-M7W2J0,H2M 2S8,Immeuble - moins de 5 logements
311922403,AC000W008529508,2496,1757-R0K6N0,J4T 1H7,
311922720,AC000W008531283,532,1450-G7Q8Q9,J3Y 1B9,
311926891,AC000W013304800,2679,3735-R5D2S5,H1H 4J6,Immeuble - moins de 5 logements
311927020,AC000W008525127,752,1847-N9V6H8,J3B 7J5,Maison détachée
311933328,AC000W008493354,1324,2784-R9N9Q5,J4K 3N2,Maison détachée
311955481,AC000W008496468,1999,3189-D1G7W1,H2P 2C3,Immeuble - moins de 5 logements
311967139,AC000W013305784,2395,4022-B0D4M3,J9J 0L9,Maison détachée
311969435,AC000W008495055,1792,3352-M8C7R1,J4L 1E3,Maison détachée
311979270,AC000W008532926,803,2283-N6N7H1,G3K 0V1,Maison en rangée
311985850,AC000W008507324,1691,3234-X1D7P1,J3X 1K1,Maison détachée
312034093,AC000W008531034,95,1144-R3K1X9,H1N 0B2,Maison en rangée
312046211,AC000W013291031,2563,4055-N1F9B2,J4B 8H5,Maison en rangée
312068370,AC000W008518368,1244,2633-D0C0T9,H4C 3B8,Immeuble - moins de 5 logements
312140854,AC000W008533241,1511,3103-H9V5Z9,G1M 1W6,Immeuble - moins de 5 logements
312166032,AC000W008519204,1506,2794-J7T0D6,H7X 2C5,Maison détachée
312167739,AC000W008488733,375,1478-N6D2R5,G9H 4y3,Maison détachée
312169042,AC000W008510309,1283,2974-K6P7M8,J5W 0B8,Maison en rangée
312203876,AC000W008501211,2580,3600-T1D2P6,H1Y 1L8,Immeuble - moins de 5 logements
312228207,AC000W008500661,2009,3066-C9P6S4,H7Y 1Z7,Maison en rangée
312232142,AC000W008492886,2557,1352-C8B8P2,J4J 5H6,
312237121,AC000W008500898,2609,3673-H3S6C6,J6K 1R1,Maison détachée
312253409,AC000W008532591,1189,2659-Q5Z0D0,H1L 3W4,Maison en rangée
312278857,AC000W008529727,1584,2629-S5R6L9,G2M 0A7,Maison détachée
312325102,AC000W008507998,27,1116-W4G8X9,J3G 6M3,Maison détachée
312326208,AC000W008512625,1632,3163-C8T2X0,H7M 4A5,Maison détachée
312358839,AC000W013301808,2759,3967-Y9Z2Q0,H2B 2K6,Immeuble - moins de 5 logements
312385878,AC000W008535644,2599,1286-W2T1X8,J3N 1L1,
312395018,AC000W013288448,2613,3798-C0P8L0,H3S 1R3,Immeuble - moins de 5 logements
312398322,AC000W008513852,33,2117-J7Y2Q8,G2A 0C8,Maison détachée
312406094,AC000W008516337,1580,3027-L6M6G7,J4K 2Z2,Immeuble - moins de 5 logements
312406163,AC000W008517354,2006,3631-L8N9Z7,J3Y 4C9,Maison en rangée
312438145,AC000W008488035,1953,2370-B1S3M8,J4B 5S1,
312440920,AC000W008499947,1942,2203-V1C9P5,J3L 6N4,
312460046,AC000W008521193,1599,3108-F8C2Y5,J2Y 1G1,Maison détachée
312463248,AC000W008516416,29,1060-W2C4W6,H2E 2C6,Maison en rangée
312473388,AC000W008493102,2583,3826-K8H2T0,G8W 0M8,Maison en rangée
312503783,AC000W008535484,2795,3975-V0C8G2,H2J 2R5,Maison détachée
312504390,AC000W008490251,1535,2927-P1D4M7,G1N 2M5,Maison détachée
312506558,AC000W013304913,1916,1210-K9Z1Q3,H7H 1S6,
312521207,AC000W013302043,2700,2421-B5C0G9,J5A 2A1,
312524000,AC000W008508856,2775,4211-P6F8F2,J4X 2R2,Maison détachée
312534662,AC000W008504529,2127,3766-C8M6V6,J7E 4V9,Maison détachée
312535880,AC000W008528957,633,1531-K8P2M2,J5L 2R4,Maison détachée
312536650,AC000W008505477,1414,2635-Z0M9Q5,H2L 3R7,Immeuble - moins de 5 logements
312549983,AC000W008514850,1396,2724-Q3H0J4,H3K 1G8,Maison en rangée
312563293,AC000W008521216,1427,2863-G5V2N0,H4G 2P9,Maison en rangée
312565736,AC000W008508901,2301,1570-C5X6J7,J3G 1C9,
312590156,AC000W008504307,1963,1203-L6Z9Q4,G8T 1B4,
312601677,AC000W008511894,1510,2660-R9S9N8,G1C 5W9,Maison détachée
312602257,AC000W008510583,1210,2897-T5K0T0,G3A 1W7,Maison détachée
312644644,AC000W008515613,1387,3009-H6S2C5,H7G 1J5,Maison détachée
312645671,AC000W008522937,1264,2703-V8M5Y3,H2L 2W9,Immeuble - moins de 5 logements
312646711,AC000W008526294,1364,3084-G3N7J1,G1L 4E2,Immeuble - moins de 5 logements
312650635,AC000W008493361,2473,2323-G2R0M9,J3X 2C9,
312650839,AC000W008520720,848,1532-J1M9X1,J7B 1V3,Maison détachée
312683148,AC000W013314919,1298,2747-V6X1J6,H1W 1B1,Immeuble - moins de 5 logements
312688908,AC000W008493938,2236,2851-L5R0L3,J3B 7H2,Maison détachée
312689490,AC000W013299349,2705,3616-Q3H7K5,J7T 2A5,Maison détachée
312689684,AC000W008520183,889,2372-B5X3F8,J6J 4E9,Maison détachée
312698381,AC000W008499237,823,2025-P9H9B5,G3E 0C6,
312698381,AC000W008524188,823,2025-P9H9B5,G3E 0C6,
312698415,AC000W008496935,1415,3037-Q0X1Y5,J6W 5X1,Maison détachée
312706279,AC000W008534235,2596,4021-R7R7Q1,J7T 2C1,Maison détachée
312711154,AC000W013313562,1568,2716-P0D4B2,J5Y 1S1,Maison détachée
312719542,AC000W013290737,2694,3568-N0K7D1,H9K 1N7,Maison détachée
312745487,AC000W008517072,300,1994-Y6L4V6,H8S 3X4,Maison en rangée
312755932,AC000W008522571,2184,1787-B2M2X7,G8T 1V5,
312760983,AC000W008519688,2519,1318-S5M0W3,H3L 3A5,
312778647,AC000W008513898,430,1605-P9H7P7,J5Y2R6,Maison détachée
312790220,AC000W008533004,2237,3240-Z6Z9C0,G1C 5V7,Maison en rangée
312795860,AC000W008524113,423,1967-X8N7G1,H1Y3N9,Maison en rangée
312805198,AC000W008528174,2653,1687-H5C0M1,J6a7j2,
312821352,AC000W008532411,1994,2015-Z2T2T7,G1H 7A7,
312826273,AC000W013297679,2749,3278-B2V4P0,J7T 2N1,Maison détachée
312828822,AC000W008511459,364,1539-G0G4T9,G8Z 3E4,Immeuble - moins de 5 logements
312831275,AC000W008488256,1540,2949-Z4C9M7,G1T 2M3,Maison détachée
312845225,AC000W008492788,999,1942-J6Y3K5,G0A4S0,Maison détachée
312847868,AC000W008518250,473,2204-P3P0X5,J6Y 1C8,
312860733,AC000W008514334,1789,3544-M0B6P7,G3S 1L5,Maison détachée
312860873,AC000W008512927,629,2297-M9X2H7,H1Y 2L6,Immeuble - moins de 5 logements
312869198,AC000W013291556,2558,3740-R5J5T8,H1L 5T5,Maison détachée
312869227,AC000W008503274,2197,1595-H2D3H3,J3N 1L1,
312875902,AC000W008513914,1829,2557-T4H8L1,H7R 6G9,Maison détachée
312898155,AC000W008529411,893,1489-X4Z7S5,J3X 1R6,Maison détachée
312981422,AC000W008533889,263,1891-K3Y6C5,H4H 1X8,Immeuble - moins de 5 logements
313001467,AC000W013306301,1305,2950-T8L6J7,J6A 5Z3,Maison détachée
313007029,AC000W013287383,2697,4035-M4D8B2,J0K 3M0,Maison détachée
313042849,AC000W008489033,397,2199-P1M8T4,H1X 1E4,
313051368,AC000W008500037,2479,3658-V4Z9C2,H7A 2W8,Maison détachée
313059514,AC000W008513828,680,1349-F3B2C6,J2y1a4,Maison détachée
313073149,AC000W008527393,1921,1383-N7V0D2,H1K 5C8,
313075084,AC000W008498014,1957,3391-X1G7T2,H3C 4J4,Maison en rangée
313082978,AC000W013315098,1095,2616-F9D4Y4,H1W 3r3,Immeuble - moins de 5 logements
313085899,AC000W008524174,2604,3707-P1L7C2,J5C 1Z8,Maison détachée
313093159,AC000W013292488,2707,3562-H1P9H6,H1T 2V4,Maison détachée
313093296,AC000W008510843,1544,3088-S3V9H3,H1W 3A6,Immeuble - moins de 5 logements
313117865,AC000W013305858,2696,2681-S3H1Q7,G7A 0E5,Maison détachée
313122180,AC000W008525936,660,2062-F1Y4V7,G1C 4M6,Maison détachée
313126360,AC000W008519599,1017,1302-V6R0Y5,H1L 2H1,
313134654,AC000W008502194,1359,2876-J0C4F2,J4H 2G8,Maison détachée
313139142,AC000W013299152,2717,3939-M9C3V5,H9C 2C4,Maison détachée
313143320,AC000W008535890,2427,3645-H0T1L2,J9J 3B5,Maison détachée
313148762,AC000W008491477,487,1529-L9C5S2,J7M 2B1,Maison détachée
313149492,AC000W008496386,1644,3125-Z8P4F5,H1J 1Z7,Maison détachée
313181134,AC000W008511104,2450,3869-Y3Q2X1,H7N 5K2,Maison en rangée
313182806,AC000W008534692,1485,3064-B3T2S4,H3K 2L2,Immeuble - moins de 5 logements
313199821,AC000W008534734,1331,2538-D4G4B8,J2T 0G4,Maison en rangée
313210091,AC000W008492863,530,1851-V1S4S5,J3Y 6S6,Maison détachée
313219046,AC000W008536285,339,2108-F7N9B0,J6A 5B6,Maison détachée
313232522,AC000W008534362,579,2055-N1C0T4,J3L 0G1,Maison détachée
313235482,AC000W008505383,2355,3751-Q6Y5B5,J8T 5S5,Maison détachée
313249110,AC000W008495420,2724,4221-X8W3L5,G6X 1P3,Maison détachée
313256086,AC000W008499736,2302,3930-F4J0X1,J3X 1R8,Immeuble - moins de 5 logements
313256174,AC000W008499688,1720,3276-N3P4C4,J3Y 0P9,Immeuble - moins de 5 logements
313279848,AC000W008528199,2366,3407-P2Y5J8,G3K 2J9,Maison détachée
313280244,AC000W008523522,1180,2831-H3R3N7,J8R 1K7,Maison détachée
313282910,AC000W008508308,2611,4032-P4K0K8,J2L 0P6,Immeuble - moins de 5 logements
313326695,AC000W008523112,1349,2853-P2W7M1,H2L 3P4,Maison en rangée
313341401,AC000W008513182,1216,2935-H5X6Y4,J7Z 6T7,Maison détachée
313341401,AC000W008522011,1216,2935-H5X6Y4,J7Z 6T7,Maison détachée
313359220,AC000W008515661,1835,2854-M6H6H7,J3B 8L3,Maison détachée
313363667,AC000W013292398,1271,3021-B9R0L1,H4E 1N8,Immeuble - moins de 5 logements
313372899,AC000W008534909,1231,2908-M3F3X2,G3G 3A1,Maison détachée
313398187,AC000W008533342,1724,3493-G9K7V5,H1Y 2N3,Immeuble - moins de 5 logements
313398809,AC000W008502517,2268,3527-M2Y5N6,H7P 5C5,Maison détachée
313405616,AC000W013311699,1832,3326-M1M2N0,H3N 1Z7,Immeuble - moins de 5 logements
313416794,AC000W013298219,2629,4183-X7N5C3,J4T 1W2,Immeuble - moins de 5 logements
313445187,AC000W008504387,1222,2944-R8D2X6,J7V 0G4,Maison détachée
313455495,AC000W013301022,2709,4085-S2W8D7,J4L 0A2,Maison détachée
313458515,AC000W008506588,1268,2891-W1T9C8,J5L 2R3,Maison détachée
313460936,AC000W008492578,1627,3043-P4C5K1,H8R 3X6,Maison en rangée
313462679,AC000W008535375,1570,3053-X3D9D4,H7L 4V9,Maison détachée
313475084,AC000W008532576,1317,2553-S5K2L9,H1L 1Z9,Immeuble - moins de 5 logements
313476930,AC000W008491405,1190,2619-F7B1Y6,J6J 0C2,Maison détachée
313480846,AC000W008492301,1091,2581-C7Z8M2,G1Y 3V4,Immeuble - moins de 5 logements
313486869,AC000W008496170,1226,2704-M6B7H0,G7A 5C8,Maison détachée
313490404,AC000W008509311,2550,3819-W1L8N8,G2L 2J3,Maison détachée
313491171,AC000W008517705,1127,2691-D0B1N4,H1L 4H3,Immeuble - moins de 5 logements
313497703,AC000W008488311,1408,3014-G5F7P1,H2W 2C8,Immeuble - moins de 5 logements
313499478,AC000W008494361,2125,3936-Z6T0P1,G1P 0A8,Maison détachée
313499944,AC000W008518099,2256,3438-Z8V0Y4,G1B 1Z6,Maison en rangée
313500613,AC000W008488551,1303,2785-Z4Q0J8,G9H 0H1,Maison détachée
313506877,AC000W008512122,1856,3700-V0M4B8,J0L 1N0,Maison détachée
313509209,AC000W008514017,1739,3377-V6Y1Q3,J6N 3V1,Maison détachée
313515420,AC000W008503065,2397,3353-B7S1Z3,J3E 2P4,Immeuble - moins de 5 logements
313524941,AC000W008515359,2369,3456-X0W9X9,G3K 0A2,Maison détachée
313530052,AC000W008493358,1342,2889-L2G1V3,J7V 8L4,Maison en rangée
313547867,AC000W008523978,2477,3434-R7D0S4,H2H 1X4,Immeuble - moins de 5 logements
313548141,AC000W008503983,1737,3074-Z9M9C4,H1L 4G6,Immeuble - moins de 5 logements
313552267,AC000W008524357,2584,3449-G2P2Q2,H2K 2Z5,Immeuble - moins de 5 logements
313565579,AC000W008510486,1469,2657-V3C9H4,G6J 0C1,Maison détachée
313565938,AC000W008503880,1841,3042-P5K1B4,G1K 3T6,Immeuble - moins de 5 logements
313596362,AC000W013307194,2753,4094-P0C3B6,J4J 5H7,Maison détachée
313611956,AC000W008499225,2327,3963-C8H9Q8,J5R 4L6,Maison en rangée
313619774,AC000W008525559,2304,3840-N3D2T3,J2H 3B5,Maison en rangée
313637049,AC000W008494352,1687,3041-Q0B8H1,G6Z 7A1,Maison détachée
313641550,AC000W008487967,2148,3318-D0Z8V4,J7R 5A7,Maison détachée
313645832,AC000W013290286,2690,4082-Y8X8N9,G8T 5G7,Immeuble - moins de 5 logements
313646025,AC000W013305526,2720,3848-R7J3Y3,H1B 3M7,Maison en rangée
313651631,AC000W008502534,2677,3611-X1L5S3,J2W 0G4,Maison détachée
313673505,AC000W008495028,1289,2712-L6T0R8,H1Y 2Z6,Immeuble - moins de 5 logements
313690593,AC000W008537377,1937,3913-H0X8M4,H8R 2L4,Maison en rangée
313693410,AC000W008525689,2794,4206-R2X9N1,J3G 0A5,Maison détachée
313704207,AC000W008529517,1603,2957-H2B7T1,J4N 0B3,Maison détachée
313705988,AC000W008510769,1339,3068-T2R9B0,G1W 4Z6,Maison détachée
313712607,AC000W008529768,1772,3548-T9P7Y8,J3X 1P7,Maison détachée
313721523,AC000W008518700,2666,4023-T3F1C8,J8N 7C2,Maison détachée
313729676,AC000W008511376,1656,3069-K5C7C8,J8R 2K8,Maison détachée
313735431,AC000W013293490,2561,3593-G1C0W7,H2B 2L5,Immeuble - moins de 5 logements
313738131,AC000W008502648,2492,3501-M3T7G0,J5Y 2B8,Maison détachée
313750252,AC000W013298758,2695,4014-N0J5Z3,J7K 2W7,Maison détachée
313766818,AC000W013313865,2743,3897-Z4K1V4,J4B 4S4,Maison détachée
313775862,AC000W008506369,2783,4034-V7J3F8,H1Y 2M3,Immeuble - moins de 5 logements
313784955,AC000W008523862,2440,3553-D6V1R8,G3K 2M1,Maison en rangée
313786195,AC000W008535236,1451,2679-F8X6L6,H2L 3Z9,Immeuble - moins de 5 logements
313790796,AC000W008525027,1293,2856-L4P2C0,H2R 2R4,Immeuble - moins de 5 logements
313798887,AC000W008496103,2755,4187-Q0R3Y3,H2V 4J5,Immeuble - moins de 5 logements
313810214,AC000W008535036,1608,3067-D4L8S1,J3Y 7X2,Maison détachée
313811415,AC000W008504702,1228,2956-Q0H2Q8,G2K 0B9,Maison en rangée
313831979,AC000W008511708,1866,3784-G1T6R4,J3E 3M5,Maison détachée
313839923,AC000W013312554,1444,2992-G9Q7X1,H2L 3R7,Immeuble - moins de 5 logements
313856763,AC000W008528139,1578,3105-F2X4V9,H2P 2C9,Immeuble - moins de 5 logements
313884896,AC000W008522981,1382,3095-R7B2X1,J7P 3Y5,Maison détachée
313885558,AC000W008495821,1784,3328-J9L4T0,G6V 5S3,Maison détachée
313888873,AC000W008534080,2627,3681-P3F3Y6,J6Z 4L3,Maison détachée
313889209,AC000W008530793,2745,4039-W2D0S3,G6C 1L7,Maison détachée
313911488,AC000W008536391,1890,3388-R1Z3R3,J3H 6H8,Maison en rangée
313918066,AC000W008505442,2352,3896-G4T4B2,J7G 2T6,Maison en rangée
313920145,AC000W008531314,1777,3371-D3S9D0,H2H 2C7,Immeuble - moins de 5 logements
313932009,AC000W008512503,1518,2871-Z8Q1Q0,G2K 1K1,Maison détachée
313933970,AC000W008525198,2401,3688-V7S2J9,J8V 3M6,Maison détachée
313938127,AC000W008499737,1768,3557-N5B4D4,J8R 2N4,Maison en rangée
313947461,AC000W008530101,2625,3749-X3Q8M6,J0L 1C0,Maison détachée
313977354,AC000W008527746,2643,4186-H5M8L0,G0A 2L0,Maison détachée
313984193,AC000W008511307,2657,4092-P2R4S5,J4B 4G5,Maison détachée
